scenario,2026,2027,2028,2029,2030
E1,0.9984225906956965,1.0128313376505296,1.0200963824744802,1.0250080255203378,1.0318465935575731
E2,1.0115293642121936,1.0201790849427468,1.0153845220679527,1.0133305372870622,1.0092585021752782
E3,1.0186168673763447,1.0415375059806102,1.0415154264474018,1.056958548947164,1.0705912052178574
E4,1.0054203275746825,1.0116383535177058,1.0030112319150781,1.0239456432444922,1.0415714987854394
E5,1.0101688700784506,1.0064755798902552,1.0051642379194317,1.0153190862072448,1.0283733310686376
E6,0.9935436643701493,0.9831674440509182,0.9873756671777059,1.0049498147869276,1.0065852205779773
E7,1.0089596428378254,1.0155950821213464,1.010682026080418,1.0231542562931792,1.0340770051832948
E8,1.0143795114937526,1.0024035863717788,1.006720889127731,1.019795411365676,1.0072286362400986
E9,1.01013861491817,1.0161626787659181,1.033286372906434,1.0365694900197715,1.0252949222459893
E10,1.016185261785766,1.0093632888494315,1.0142856270734268,1.0159688405916858,1.0149078159741374
E 11,1.0032340662706485,0.9936935039563674,1.0025321911042513,1.0170669490697013,1.026732294123798
E 12,1.0166928152830024,1.0031746566643365,1.023053349760489,1.0345839667347265,1.043021136826891
E 13,0.9998330976732268,0.9896476036165873,0.9738454764583254,0.9879807317795453,0.9841929307370779
E 14,0.9973401117919354,0.988968667148674,0.9880241385760389,1.00629225226184,0.9966891777061895
E 15,1.000290281971425,1.0052084252606845,1.0079958309815893,1.0142283581973994,1.0243466053588164
E 16,0.9936425340493947,0.9972749551172141,1.0099354641374665,1.0195909752758379,1.0425957131292642
E 17,1.0188082159911607,1.0088660008073354,1.0054874662537616,1.0084321523666393,1.0312259444024037
E 18,1.0050876258798362,1.0021668949916185,1.022860993351623,1.0351777377921805,1.0338848074572453
E 19,0.9873175752823575,0.9965328604339575,1.0057196746746684,1.008229467490242,1.0107743669477134
E 20,1.0140218457733159,1.0165524749607742,1.0296970246387918,1.0363175390663664,1.050639742918246
E 21,1.0069606626786378,1.018834430275254,1.0229317447663042,1.0319568766685112,1.0457753309343238
E 22,1.0229901939416715,1.0350830520810834,1.0467032112759875,1.054643180298146,1.0738267235508827
E 23,1.002911432882298,1.0073570748120872,1.0210961487611712,1.014951657625855,1.021205400811745
E 24,0.9947699136888082,1.0070905021201328,1.0222277114362048,1.044058150111746,1.0526272242866874
E 25,1.0052611780849876,1.0283419901922346,1.016641181673633,1.0179461494075084,1.0356247927392055
E 26,1.0105522328712846,1.0098053084807368,1.0149138811426892,1.0330302426992257,1.048186220555727
E 27,1.0129379105323864,1.0136307250054697,1.0237597797654323,1.031265569135931,1.033556125616719
E 28,1.0103683722279178,1.016336547831214,1.02895922804598,1.0432232862455748,1.0584705840648034
E 29,1.010231019955112,1.0218588025102153,1.0233961038545438,1.0326048992898225,1.0523110077390294
E 30,1.009977935790726,1.0182263999614183,1.0103812090556585,0.9979063564760131,1.0040924085637912
E 31,1.0127240700527935,1.022617917744699,1.0077043955896157,1.0180470891041997,1.0284410391630325
E 32,1.0111114866137754,1.025279650449843,1.0198816470565597,1.019568051186488,1.0298003693179434
E 33,1.0091188653095877,1.0193402531903781,1.0337755029140043,1.041757478160771,1.0561637873139145
E 34,0.9826627964943172,0.9690105480043628,0.9845432292064348,0.9736531046055944,0.9876556084240228
E 35,0.9993419053936891,1.0207018644885582,1.0259465145750897,1.0312416855043605,1.046603756316157
E 36,1.0078778216977884,1.019211022835233,1.0301590070264124,1.0353985428778383,1.0488044808347112
E 37,0.9974787253918243,1.010548842912916,1.0072256656403318,1.0158014733381762,1.0316458284203214
E 38,0.9964460548826103,1.0058063252163323,1.0150397528744708,1.0287058311176704,1.010077416862772
E 39,1.0050039029674607,1.0154603018419694,1.0343120083042276,1.053378919468232,1.0544028079953784
E 40,1.0036649986963802,1.0222026359216838,1.0307842187002612,1.030368630027611,1.0447114886915505
E 41,0.9973650654471876,1.0023650122696837,1.0056299248458722,1.0151964224430077,1.0256902853856291
E 42,1.0072113321407323,1.0266489284358997,1.0121005748196645,1.0322369477203517,1.042957224877795
E 43,1.013643707579847,1.0111794925562119,1.021077236349213,1.0340427396082983,1.0508313971926775
E 44,1.008693576843257,0.9957895724409983,1.0174119488650024,1.0164680592401911,1.0159186207865631
E 45,0.9991140316319498,0.98911024600062,0.9954300534321031,0.9790530827988395,0.9831471310464744
E 46,1.009531243624672,1.0091976027399492,1.0172876657772467,1.02644885593975,1.0380130616578684
E 47,1.0048899999059975,1.0233215548225887,1.0281008796282844,1.0341808106351784,1.036957662139186
E 48,1.013247578603787,1.0105735677929153,1.0026949010005621,1.0190170217682106,1.0239642163475728
E 49,1.0114073223236497,1.0269202829838966,1.0391906488785543,1.0479877721480775,1.0592235416612974
E 50,1.0125765734650936,1.0150113722395078,1.019042956412711,1.0219071501018722,1.0237652111638387
E 51,1.0227124359908133,1.0301489329454983,1.03941382336968,1.0402966245377319,1.0565809402055772
E 52,1.0090195269048865,1.0201368731375926,1.032059475138214,1.0421653402517128,1.043121354456293
E 53,1.0174090235700257,1.0199419118007944,1.0257552426796415,1.0238818695301195,1.041701311843859
E 54,1.0099383665899189,0.9957280459864105,1.0015236619904455,1.0021490569176643,1.0191978159193353
E 55,1.0141307475016108,1.014873126816015,1.0198374622008113,1.0284963080316605,1.030309754795247
E 56,1.0105190312130694,1.0137462713795238,1.0168140728674755,1.0249260982940829,1.0299427939817525
E 57,1.0001701502243252,1.0006728831489453,1.0170970982088203,1.0413903275200858,1.0570674823272281
E 58,1.0082700480726061,1.0031249067716939,1.0261650089915615,1.0213119196329277,1.0283796472546527
E 59,0.9993496901352924,1.0072701984611858,1.0000244079520386,1.016470301949091,1.0250589105668417
E 60,1.0158727356106516,1.0013365443503948,1.0141595430267705,1.0152187017401293,1.0222660653104205
E 61,1.0097474886973221,0.9986449757976259,1.008163136395295,1.0226962632380439,1.0340418388979375
E 62,1.0077247344708788,0.9934481539685927,0.9948041329171902,1.0085049768513703,0.9996765814434441
E 63,1.0115498420406108,1.009886917646228,1.0145411919941267,1.0277966945030437,1.0145196823139624
E 64,1.0127341611981506,1.0045266235239199,1.0200468757857606,1.0162837279474288,1.0339063921927738
E 65,1.0106689241327576,1.013662739847557,1.0263281752627587,1.0262913486487524,1.0259828800522488
E 66,1.012150738449153,1.025884362579733,1.0456576370300812,1.065316123634672,1.0639458073803842
E 67,1.0129546844387836,1.029555115467389,1.0212780489179392,1.0197960294120492,1.0163042005066378
E 68,1.0168552943371596,1.0406716323642158,1.0306430085557365,1.0450857578040464,1.0540644412434743
E 69,1.011148500000039,1.028204194547871,1.042618714049051,1.0406766369126548,1.0464150827129488
E 70,0.9925254108219274,0.9991668769948967,1.0068912385722746,1.018266157336258,1.0182580583075667
E 71,0.9997359009278641,1.0132095222036768,1.0146980805873047,1.0148202021532773,1.0220979970346034
E 72,1.0101247310973085,0.9974667500720792,1.0186005265038127,1.040980068713028,1.0593429221112578
E 73,1.011477584988411,1.0273718346395933,1.0385681091941452,1.0226263014423616,1.0331991348204541
E 74,0.9851843369722878,0.9760354175017484,0.986940586991867,0.9789029719021157,0.9947947898297665
E 75,0.9840609673978281,0.9967894720507282,0.9999654211526242,1.0106642664288346,1.0295678051390906
E 76,1.0103863645914621,1.0101603329558608,1.0191011866518642,1.0375230946269747,1.0475494579168154
E 77,1.0092974203475766,1.014729445889875,1.0012049656198287,1.0210181236035896,1.03109007534822
E 78,0.990331810234194,1.0024024823578128,1.0145464236187467,1.0187450180034674,1.0307476691138613
E 79,0.9958854949580198,0.9990176477363462,1.0122476566737777,1.0198304038999908,1.0389894215326678
E 80,0.9861029038762061,0.9919937378152247,1.000120464054386,1.0009141825825856,0.9864695496546272
E 81,0.996370667989704,1.0060639331823937,1.0029834115760523,0.9992112337496192,1.002160340760255
E 82,0.9974542874902284,1.0130492099529351,1.0097936930790712,1.015182727508144,1.0010226533403728
E 83,1.00133525005874,1.0141956410264963,1.0306105910896668,1.032231746374675,1.0455869345465203
E 84,1.0040363076638255,0.9970403030246524,0.9996079707235841,1.0005624936549415,0.9928850613898501
E 85,0.9953262256695204,1.010504870376023,1.0099835157964292,1.0206885500654965,1.036831505329558
E 86,0.9828261023813003,0.984368525801489,0.9697445967234429,0.9699899523012059,0.9872997240460817
E 87,1.00956495358447,1.0136053056703909,1.0319948138577257,1.0225115137195548,1.0371920118063775
E 88,1.0064167600578464,1.0262637914740727,1.0338876548852756,1.034699331653827,1.034159845978792
E 89,0.9968720996584768,1.0026037435945037,1.0201438150963735,1.0237907412645184,1.015148327424434
E 90,1.017060796017646,1.024208965741412,1.0232153416240788,1.0219815068716955,1.017387417510831
E 91,0.9948788696543088,1.009361626956749,1.0035916246870367,1.0184599271872101,1.024860711829692
E 92,1.008714997594662,1.012248397609457,1.031366726157825,1.0394327147721165,1.0524724612595655
E 93,0.9938224729993999,1.0066224015948793,0.9932106968202647,1.0035209633426931,1.0089743585850417
E 94,1.0155945366327206,1.016409313036688,1.0289832764408717,1.0468851710442884,1.0669178637861911
E 95,1.0011699604814792,1.017129064502926,1.0261676199558214,1.0301455292375183,1.0422387393074684
E 96,0.9940772359524327,1.010217217370557,1.0023216278285565,1.01187445855877,1.0134531772707085
E 97,1.017102953585936,1.0131912299738823,1.0189960558771207,1.025480212992757,1.0380771109656386
E 98,1.0185546160404257,1.0228053589862953,1.0354657553257078,1.0528570734184408,1.0653779479499284
E 99,1.0067612048748928,1.017613390270567,1.0406072975692993,1.0496099193875759,1.0632991101331257
E 100,1.0065256304085743,1.0283815792465356,1.0313532951539193,1.0365116862253003,1.0492201783636113
E 101,1.0193291860231173,1.0095715283650073,1.0270927314653078,1.0505625282188602,1.0682029038594012
E 102,0.9912158725833423,1.0000256227412754,1.0100012183671778,1.0263640449420977,1.0300040743586099
E 103,1.0155037847956723,1.0267239778576696,1.0120787726428075,1.0044429932631196,0.9996468809283239
E 104,1.0022429005433953,0.9923079618011506,0.993023272030078,0.9902791432468299,0.9927025930553652
E 105,1.0009031106036546,0.9877599660479834,0.9746209766770083,0.9911736285100398,1.0086218426214617
E 106,0.9844265847983946,0.9966826764717902,0.9929448277370956,0.9930409776225722,0.9876046467026102
E 107,1.0116539103407804,1.0057782044103671,1.0191577949628339,1.0078509138387977,1.0248934340644367
E 108,1.007390053254163,1.003369581962011,1.0234074670425568,1.011473291203472,1.0206754981695543
E 109,1.0144518453341598,1.0312362542154352,1.0379071934932886,1.0522898758553396,1.0577523504939712
E 110,1.0148577936680079,1.029097913772733,1.0455516446271678,1.0548114276217793,1.050311803527999
E 111,1.0235231577990116,1.022911927962342,1.0219499707845325,1.019898756660775,1.0259424665808285
E 112,1.0182821189073952,1.0203543190781046,1.0380382643362773,1.0422100972606303,1.0509977372185735
E 113,0.9883893588447294,0.9989967009156526,1.0113816231535344,1.0177488500760419,1.0276016786209374
E 114,0.9997431100073619,1.0083600231046053,1.0232949768288704,1.0117060693748323,1.0110203865431866
E 115,1.0050496903877901,1.0035358777440266,1.01094137393733,1.0093185389045005,1.027812002407229
E 116,1.0084953037518176,0.9966075081111502,0.9977757106430342,1.0129871219602278,1.0125025225903321
E 117,0.9967885182751417,1.0068817581898308,1.02401369588728,1.0269063208097204,1.017928304331028
E 118,1.0081114558427873,1.0262898107527587,1.0488350216262903,1.053311164613848,1.062302248572108
E 119,1.0003430216343479,1.0013800357733966,1.0027836778346844,1.0149357772556704,1.0173184907100308
E 120,1.0070801477532787,1.0037569721141588,1.0096310100339947,1.016703461195834,1.0252509066650153
E 121,1.0028565244667447,1.0094602627046751,1.0021708871923922,0.9985374779751799,1.016392164773723
E 122,1.000161454387535,1.0041442067890978,1.0138951118073074,1.026866299826012,1.0267001532021816
E 123,1.0132936776970305,1.020643663306588,1.0235391231887456,1.012933369860388,1.0250433644210732
E 124,0.9834775481293618,0.9779195038475377,0.9857206867378323,0.9994061515780864,1.020683890864407
E 125,0.9945125593467595,0.9825510060100672,0.9757356127279219,0.9785650838444768,0.9679684065293688
E 126,0.996069710399926,0.9910246020611374,1.0135029147843362,1.0191122523354412,1.0324934274367796
E 127,1.0034601210130487,1.02652830604152,1.0215976519108347,1.0459415562837722,1.0411606123250614
E 128,0.987025135787628,0.9762400064907716,0.9683457618555958,0.9767153076265185,0.9932445246654963
E 129,1.0049985999783702,0.9992418391446579,1.0078342505229594,1.01392717332912,1.0034831733552718
E 130,1.0145584687874147,1.0197295524548387,1.040618909262417,1.0496054425616392,1.0550474246245363
E 131,1.001769530330876,0.9921684093244552,0.9930153728598733,0.9886884093457854,0.9950911487997385
E 132,1.0122216803598465,1.0265534151958393,1.0180513254079149,1.0237503157087884,1.034267793701787
E 133,0.9975927658058655,0.9986230975975572,1.0025290870290158,0.9923453944948222,1.012120950953193
E 134,1.011110191673207,1.0059954311931243,0.9977903027751186,1.0188520066889708,1.0066131023137357
E 135,1.0084710774025663,1.004243736484699,0.9938237816340865,0.993100780136741,0.9798795115294237
E 136,1.0066999927275793,1.0218789701093411,1.0225964937599994,1.033321727751543,1.017250022536548
E 137,1.008600532381073,1.0153801530382378,1.0239481522365022,1.0402488773816643,1.0306925859526936
E 138,1.0143849658298056,1.0236972899324863,1.036433398355306,1.0343010098933303,1.0463482031953903
E 139,1.0069035250158282,0.9934464593936073,1.0111046343413788,1.0084522638478897,1.0037714414143506
E 140,1.0058919772726298,1.0089671882033455,1.0170795162040074,1.0090765388453773,1.0180320159295948
E 141,0.9960158232044597,1.000380347988596,1.013021472010941,1.0185973529299996,1.0110594708810137
E 142,1.0135489582668034,1.0258567314370706,1.0359374674133448,1.0484410964928064,1.0602597355216241
E 143,0.9964560569969162,1.0003130353478271,1.0151061370969585,1.0022122853141147,1.0143536775637374
E 144,0.996387357427426,0.998447433700945,1.012075711133946,1.0175604728389278,1.029264286723051
E 145,1.0094815282870582,0.9994862836530125,1.0040909521358234,0.9952602736053795,0.9933621371935918
E 146,0.9997792782334527,1.0175758770158156,1.017798229007267,1.0268685368297457,1.0266816712986098
E 147,1.0019976341567685,1.0122135249621194,1.0265987662941105,1.0408948499091353,1.0477207360383232
E 148,1.0132107819043001,1.0049667741998203,1.0092419194822801,1.0273186209089962,1.0378424041206913
E 149,1.0120994915258037,1.0184587646513008,1.022046257868328,1.014295050487918,1.0167670955124892
E 150,1.0086720555046205,1.0158126847999527,1.0287128561096834,1.0278864230003897,1.0272959294242834
E 151,0.9942700178058991,0.9969879376777128,0.9976629374045749,1.0099259942354575,1.0106832945611617
E 152,0.9915387049183241,1.0049111939154352,1.0038159630928916,1.0143956963786824,1.0197013848812275
E 153,0.9896071025842464,1.0099524198063026,1.020998680496053,1.020216910185322,1.028567798560678
E 154,1.0063876632433437,1.0134924396589653,1.0201355786457424,1.0375072395939218,1.0418475652038828
E 155,1.0199647420527136,1.0364113691507646,1.0426329113560089,1.0530939324107729,1.0562063793988516
E 156,1.0145081339025608,1.016727576728595,1.028285293231589,1.0409089988508655,1.0365286774105578
E 157,1.0103187577441228,1.0196745493256771,1.0170136084893617,1.0376755379032967,1.03797109662684
E 158,1.0159299086135822,1.0293411445281975,1.0394863802329604,1.0486002328859596,1.062665529283485
E 159,0.9864362615024561,0.9801472629667931,0.9909111669142057,0.9776238768851844,0.9806536530470055
E 160,1.0227312203192462,1.0177861715577423,1.0220599044755576,1.036688043080572,1.0247002486723287
E 161,1.0026426759983031,0.9931731861768271,0.9983441561336492,0.9875518588339237,0.9835861891300839
E 162,1.0032540791345004,1.0078616844561827,1.0074620694693492,1.0191125102054246,1.0322167911693505
E 163,0.9979676060087433,0.996183381250034,1.003573859958281,1.011544114384784,1.02279693760695
E 164,1.0113730143017927,1.0056795482137577,1.0142322772456451,1.034901340709779,1.0470294467401466
E 165,1.0080768005399223,1.0038256575976259,1.026692374464072,1.0086149980998746,1.0203745220148905
E 166,1.016583927995228,1.022722923553015,1.009444720734659,1.0011789033598995,1.0001408547304165
E 167,1.0043910999181975,1.0063862240737613,1.027263248914972,1.036906966340555,1.0340021656055327
E 168,1.0096226181801604,1.0184133985371762,1.030862463460351,1.0242928040572088,1.0225850037601802
E 169,1.0142927642130706,1.0202923063849325,1.0134711224377977,1.007515847204666,1.0011289832714423
E 170,0.9891067665604104,1.0058610448679703,1.003406020278005,0.9894082511363814,0.9884005473956431
E 171,0.9852221045362226,0.992858824347363,0.9921694065247822,1.0076148709526018,1.0243141845537258
E 172,1.0124903585875846,1.003609574378944,1.0090337582282543,1.0031897832776586,1.010433031077916
E 173,1.0039829262474802,1.0211171166933186,1.042013358819938,1.0650864771005748,1.0805075387183953
E 174,1.003020763999213,1.0242640575510646,1.0450770260722324,1.0616467521450474,1.0733144561764636
E 175,0.9973585679412498,1.005129526386451,1.007646273596508,1.0109418958522047,1.0086927930628238
E 176,1.004039774308326,0.9928495145970256,0.9863523458472138,0.9873743813599052,0.9884938859864959
E 177,1.0172252488340148,1.0259100792598634,1.0402688786627616,1.0412200442980144,1.0537783679354658
E 178,1.0076024870227054,1.015173744867494,1.0330992439245614,1.0250596711936732,1.0221696645708394
E 179,0.998287448480828,1.006792260335983,1.0040355292819843,1.0032874906281262,1.003406099812137
E 180,1.0230556722280668,1.0150061721550538,1.0227583312366926,1.041706011430097,1.0472915894960366
E 181,1.015687496790985,1.0199839497139598,1.0205092211750664,1.033107590308309,1.0373804056400124
E 182,1.000183462170501,1.0154887944132278,1.0026430715456318,1.003144455231318,1.013060079298314
E 183,1.0126806549716139,1.0230845124740109,1.0337537330867619,1.0408810205738919,1.0521180337542289
E 184,1.003647745000345,1.0157954245564562,1.0149629587733051,1.027188605025491,1.0410097187334197
E 185,0.9985113137127843,0.9824565459727953,1.001015312049649,1.0188943964049382,1.0204111221679497
E 186,0.9926877915080183,0.9901462146945736,0.9987721682665344,0.9846547112268229,0.9896926969913357
E 187,1.011373291194484,1.0272032758755452,1.0452447725455176,1.0364732180655243,1.060236635414278
E 188,1.0031469182110924,1.0215129040913606,1.011167350731728,1.0097057765939181,1.0097026992511895
E 189,0.9967093796882524,1.0059306663156846,1.0064587543166426,1.0024496533746536,1.0042081405328203
E 190,1.0106391025558095,1.0200867748317604,1.012619171832088,1.0205478366648704,1.0322021018392513
E 191,1.0129404341924366,1.0196119307201486,1.037674158383151,1.0367877486019037,1.0242261701092437
E 192,1.0166780192589462,1.0015858602854568,1.0046921789396894,1.0202047189663674,1.0357047851937242
E 193,1.014776493702491,1.0365744154056307,1.045893715657407,1.0510158577814117,1.049273486784774
E 194,1.0196175665835105,1.0216237214046766,1.028905910143213,1.0191807366350327,1.0396640039556746
E 195,0.9957881809549108,1.016005259213992,1.0089871448171543,1.024046253710158,1.0119265341159713
E 196,1.0102712550573132,1.0244442409885162,1.037622327551761,1.0534606333223744,1.06268269447758
E 197,0.9828226693047242,0.9718241315775131,0.9589347496179608,0.9663052308644517,0.9560607188599572
E 198,1.0082039802678766,1.023909066003833,1.0189117318268928,1.0278022252466208,1.0341567172133022
E 199,1.005596906259312,1.0191483889295583,1.0241141648848537,1.026074032875855,1.040125531160808
E 200,1.0158133938614884,1.0164254405808126,1.021818344956423,1.025134875273227,1.0131020777287507
E 201,1.0101034910522935,1.019091128696631,1.0236254023947209,1.0463345131293036,1.0589611012963585
E 202,1.0017101642622799,1.006765854181452,1.0225435545306332,1.021325033545283,1.041426063286826
E 203,1.003256726349516,1.0038328794049751,1.0124534331782193,1.0191235934373748,1.0147483740070138
E 204,0.9997380492184285,1.0088071770120612,1.0135997342191896,1.0178667794937186,1.0039198665090774
E 205,1.006341321613041,0.9946967649122055,0.9904980882585371,0.9966935038749956,0.9909504893189439
E 206,1.0018451943987674,1.0219376427493794,1.0244707314657562,1.011636345189381,1.0308461742014141
E 207,1.007125181392151,1.0115315570667418,1.0020603285599075,0.9926458311328873,1.0032456757513066
E 208,0.9987369803140119,0.9833682084498778,0.9898566225414014,0.9857929320935437,1.0005958487793347
E 209,0.996002937570601,1.010105559809043,0.9996031061235428,1.0018767384074345,1.0232787241081231
E 210,0.982355540150381,0.99337393450618,0.9953819078781418,0.9922632634204961,0.9907638692029387
E 211,0.9889405150315387,0.9818574074587834,0.9968983599979973,1.0057796690503285,1.0169647367611463
E 212,1.0096693802724104,1.022407221669777,1.0305503788999733,1.0332239169526178,1.042928862104092
E 213,1.022443432727114,1.017758667607114,1.0251066402504934,1.0360244740044608,1.0586396808001823
E 214,0.9910896663169554,0.9985296186939217,1.0042305342069493,1.0122065585818731,0.9971267425481347
E 215,0.9875432437620143,0.9827931349555734,0.9755760212291159,0.985364078049059,0.9867242437858645
E 216,0.9962883798536906,1.0143031812544139,1.0168673987723575,1.0248877149199225,1.026020008494793
E 217,0.992961555837041,0.9857581063635501,0.9972937760411957,1.0067618363224209,1.0054119510468034
E 218,0.9961536273138781,0.998953799910304,1.006796145985926,1.0110249605703017,1.0254600673333163
E 219,1.006589171975161,1.0290965864174788,1.0256861009555664,1.020672930788845,1.030360373789891
E 220,1.0068519674056768,1.0276730905275706,1.0343199066337523,1.0439452610649984,1.0412758245351366
E 221,1.0025509280278815,1.0116715738470643,1.0196304150918498,1.0179582596444914,1.0287579564323772
E 222,1.0108092110535214,1.0250149031610425,1.0372991634973416,1.0593380460190533,1.0707826589797667
E 223,1.0129266183650656,1.0199128376027875,1.0209147505568381,1.0250057055994068,1.0084982166584588
E 224,1.0193399945948025,1.0251479890749349,1.0221035112453691,1.0392211897296202,1.0513469949090641
E 225,1.0153103586865044,1.0233303682606796,1.0416648525396892,1.0631815505612494,1.070616760374996
E 226,1.0120624525802817,1.0080488672566967,1.0205957185513848,1.0169384733759517,1.0198241890204918
E 227,1.0153496557387347,1.0122486020583252,1.0208415972398734,1.0288406173816884,1.0253583669859645
E 228,1.0169860228997902,1.0260482221538327,1.0357370826820762,1.053388440311388,1.0646908061005789
E 229,1.0018803559462737,1.0150693427158828,1.0000612371690514,0.9972829668726446,0.991191364617314
E 230,0.9960778781243856,1.0037818279542348,1.007947873288505,1.0136952219754096,1.0132575387536056
E 231,1.0048977361629332,1.008516408325172,1.0022148479420063,1.0027775435977588,1.0182503919856167
E 232,0.9803582931760176,0.9844266727524796,1.0065041565045778,1.0092543307596558,1.0246180609426
E 233,1.005755810482624,1.012504999610416,1.0361673679027503,1.0417202542096737,1.0573541880586563
E 234,1.0053110165426795,1.014587758027673,1.032207781311226,1.0409304344737027,1.0367243703097428
E 235,0.999924083031546,1.0168848627029505,1.0203761836916534,1.0059860515366406,1.0009926470111246
E 236,0.9919731811231665,0.9889927676483018,0.97967146049063,0.9772377716734115,0.986985081864114
E 237,1.0062253621412434,1.0142154714834737,1.012681661893017,1.006114132153891,1.0127259848783314
E 238,1.0094155777288911,1.0200764783580816,1.030521935826613,1.048166879546259,1.0588979440102217
E 239,1.016153293913792,1.0323248798476696,1.0429969440366709,1.048678303526903,1.0448767647519375
E 240,1.000908911362306,1.0101562855251611,0.9940273712887087,1.0062657531647348,1.0006139177098263
E 241,1.0087098253050915,1.0123789081889618,1.0148842101541389,1.028393028651803,1.03701716880928
E 242,1.0039724922644937,1.0177603158271076,1.0298441102301967,1.0298992221820324,1.0224235549146532
E 243,1.0198495426306855,1.0319152238281288,1.033752210175392,1.0455619865500214,1.065695813834331
E 244,0.9956663574663814,1.006261556655955,1.0257151094608206,1.0266062757122207,1.0211054715176593
E 245,0.9923492003214928,0.9903378902226561,1.0076285267427465,1.0138970305969217,1.0200138134187287
E 246,1.003655073238848,0.9856953451067793,1.0044317877146431,1.0203208124708762,1.0261144280742929
E 247,1.0112809862711074,0.9980220456973955,1.0109496694656055,1.0335604503913018,1.044898772527704
E 248,1.0173552852547576,1.0276408343940957,1.0385897774024344,1.0492351278508896,1.0560334642931792
E 249,0.9934009587898814,1.0035106940587826,0.9994868431676269,1.0100752357947542,1.0108251218141355
E 250,0.9896718716936153,0.9987967778935611,1.0027778550100654,1.0139728779012545,1.0009729422296858
E 251,1.0080887325053784,1.0140869147319351,1.0238082263637418,1.0129521200041902,1.0222980339090753
E 252,1.0007391628452094,1.0199781724068184,1.0293445217443513,1.0382502852656308,1.0412549778434692
E 253,1.0224739716524496,1.026243695474327,1.0460681023381655,1.0624163720906685,1.0741647228330793
E 254,1.004651536665925,1.0013729944203242,1.0071275547126792,1.0239612678790802,1.0082329352601065
E 255,1.0053842360765588,1.0156000186801455,1.023350981871521,1.0276639996945462,1.0428175223581184
E 256,0.989678418893975,0.9997607639246421,1.0135415286883043,1.0045499111205045,0.9950260218134523
E 257,1.010894199364517,1.0016693778676433,1.0117356210240254,1.0076720284492635,1.0090595278640626
E 258,1.00524587881084,1.009742815219882,1.013863398078089,1.0278726721419866,1.0376420214858924
E 259,0.9919168804390212,0.9943138416381951,1.0112319632437885,1.0242628744695286,1.0272033074655038
E 260,0.9954443077813153,0.992737788057792,1.0023734205891996,0.9908023422661938,0.9926425242632768
E 261,1.002620148355479,1.0036877951278234,1.016624454686908,1.0270653047118818,1.021136373729835
E 262,0.9953850244327396,1.014300583623805,1.0198671574929354,1.0447379437498288,1.039429158359992
E 263,0.9961490765409066,0.9919412397424674,1.0126014054812218,1.0191883847425873,1.0244818684697679
E 264,1.0082585523279755,1.0251938729886756,1.0317297588784087,1.0211249126350206,1.0421399925158874
E 265,1.0218942706927938,1.0305486641776385,1.0260364677093021,1.024942634795108,1.0263975792586555
E 266,1.0097581274040877,0.9994613419604911,1.0037988653807797,1.015368274490648,1.028361364871714
E 267,1.0224160624429355,1.0322018471811283,1.0366060616574033,1.0446825860776487,1.0491998139957097
E 268,1.0210301223166525,1.014961072193085,1.0133142126388308,1.0168574538765416,1.0123719845644563
E 269,1.0118009374488104,1.0110378441143817,0.9971847775233396,1.0154397518623328,1.021253382575919
E 270,0.9991387634612463,1.0115124683221528,1.0062958483627185,1.0167830141160954,1.01425612938577
E 271,1.0016836061673735,1.001163292355918,0.9858687012842399,0.9993323030780742,1.0024020782039629
E 272,1.009578244365847,1.0180562945396059,1.0338298359060591,1.0279883569030852,1.0347820544697717
E 273,1.0112824478953726,1.0184351273626986,1.0260958164617158,1.0447744584529541,1.055333544553817
E 274,1.006053203711117,1.0129318250645087,1.011142792859498,1.012723673329338,1.02112118772425
E 275,1.0024274536024533,1.0085426639555979,1.0122607239826455,1.0176947175198339,1.0210520760828987
E 276,1.0105481516130375,1.0192849564611235,1.0305784133401366,1.037066480974954,1.0499270105225147
E 277,0.9970970705428057,1.00668314903469,1.0079415799204865,0.997847773960454,1.0019007411223355
E 278,1.014416655033386,1.0238895412600075,1.0388157688908701,1.0454424926896875,1.05225550590898
E 279,1.0096929083928674,1.0132563800643524,1.0172753892800772,1.0250134350362,1.032620780599115
E 280,1.0020137494490104,0.993376701605831,0.9781995043195039,0.9867763189890897,0.9775618017430562
E 281,1.0077213969082919,1.0096462655382492,1.0337960303928133,1.0591849296137972,1.0790471731520261
E 282,1.0047183355898177,1.0123753392950474,0.9975086394320227,0.9979530706427693,0.9912133499613881
E 283,1.0072181637702182,1.0162976117339375,1.0321725403488726,1.023229471907242,1.0414264895089929
E 284,0.9904576700437551,0.9945879123542564,1.0158611196063514,1.0119307174221337,1.0226478310706024
E 285,1.0064494727773408,1.0117040933859793,1.028586964871328,1.0309816625308077,1.0488956776300278
E 286,1.0092233749614548,1.008189464678232,1.0084403062000897,1.0165315278705669,1.025213480247059
E 287,0.9846980790296849,0.9840866748492806,0.9942248085762294,0.993740773056107,0.9937034031496033
E 288,1.0075976153659993,1.0120999043504255,1.0228113444515003,1.0240579370516107,1.0205252859578038
E 289,0.9888024576640976,0.9806700617280588,0.9910892104372295,0.9911195839349376,1.0024361009820848
E 290,1.0094023888449282,1.021664359384533,1.03941676174161,1.043302158017347,1.0568224795035612
E 291,0.9929916167996117,1.0096109366572705,1.0072455502975903,1.009562656989222,1.018246931995395
E 292,0.9956153459169933,1.0092452026705094,1.0253927178415367,1.0262651080917928,1.0478731768054923
E 293,1.0112127690762465,1.0238136398579107,1.0042320112408398,0.9998105715907138,1.0027927190824304
E 294,0.9921763792768042,0.9912849311093399,0.9989503913127463,1.0033675949447804,1.0095406631930113
E 295,1.0115859285741595,1.016154567025963,1.0155815954076493,1.0169230087144505,1.025919999619032
E 296,0.9878843672345208,0.9963279598612192,1.008933710905597,1.015530773995554,1.035118197175887
E 297,0.9961720413741455,0.9952243254815029,1.0061960077915637,1.0215959332769635,1.0236038221502644
E 298,0.9933390671600184,0.9837966579845934,0.98219421248686,0.9773845464360219,0.9795373337585366
E 299,1.009812699478017,1.0204129137513849,1.0225562573472886,1.0337588737765016,1.0382940544608237
E 300,1.0036156706024286,1.006220723880477,1.0148763602519815,1.021608031411072,1.028145395307344
E 301,0.9967337579337288,1.0128996505587688,1.00205738435995,1.0086814259634571,1.020151601948292
E 302,1.004158630771997,1.0045244185687852,1.0020307814727754,0.9868364847231046,0.9905837284026209
E 303,0.9828081234921668,0.9989417532603115,1.0011088193518243,1.0020048726260529,1.011033413601208
E 304,1.0133791282039843,1.0312864887753121,1.020846289438266,1.008357175274523,1.0184673891366525
E 305,1.0108505101048266,0.9915545525236888,0.9896026815729405,0.9969802358851731,1.0020820803903674
E 306,1.0097186285900674,1.0074754454885646,1.0069541653025276,1.0153943612666259,1.020507970979863
E 307,1.019122111868756,1.0126769080516396,1.0027740364243392,0.9991701548165295,1.0167301637288735
E 308,0.9971807898422562,1.001503220770073,1.009404567635898,1.0219396661412403,1.0151124080693714
E 309,1.0098130637214404,1.0229452023572152,1.0224236253421846,1.0352488185282045,1.037007508155852
E 310,1.0089735307859444,1.017908874012395,1.01387813393778,1.0219363409056015,1.0210169617493414
E 311,1.0099907948234268,1.0247583265888327,1.0207322460812807,1.0287130088564953,1.0249955270707873
E 312,1.0085217386650138,1.0135510273134034,1.010030188425495,1.0183402260561252,1.007467941948482
E 313,0.9936390999454062,1.002597082422962,1.0127141868817064,1.016875173713657,1.0280897131899243
E 314,1.005577525553336,1.0174574761375563,1.0102649450350987,1.0320268713838099,1.0453526739242267
E 315,1.0136624120625293,1.013104152739701,1.0031861479208346,1.0012596092358248,1.0083645516878779
E 316,1.019750195269158,1.0305035556974527,1.0353732495495023,1.0413903020064188,1.0312044564422076
E 317,1.0180760768866333,1.038531709433061,1.026381657131413,1.0286384943290394,1.0370394545701074
E 318,1.0206966877273935,1.0370667047232205,1.062803292583912,1.0641470682078216,1.0690348535987635
E 319,1.007005156772692,1.0068416222573238,1.015898846657196,1.0194746213577968,1.0338659042755303
E 320,1.0168717542097279,1.0276027981856264,1.0110933929740349,1.0053333823943469,1.009828225978221
E 321,0.9933377922684855,1.0006217620133773,0.9954165747796316,0.9920133916040963,0.9961444614421741
E 322,1.010675812787004,1.005086553496338,1.0123800503411433,1.0117509423705382,1.0116121150999766
E 323,1.0080256001066688,1.0259579646815322,1.0283729361210663,1.0493529023922452,1.037543183705372
E 324,1.0141593124562511,1.0227539556338854,1.0299892699737712,1.044413415310079,1.0519311084573189
E 325,1.0031945289755644,1.0137793089414624,1.0083685171334813,0.9905162394066616,1.0012486967142096
E 326,1.0070266834606576,1.0197020759573938,1.016832057820789,1.0293916755773924,1.0395678862432332
E 327,1.0055982458616815,1.0172278568799948,1.009115621530891,1.0196919963024456,1.0222576005128685
E 328,1.009799627116032,1.0139241622382107,1.006467607743475,0.9938109579125441,0.9913242707007075
E 329,1.0084461807795797,1.0176261997221703,1.0369722712447538,1.0226571438811567,1.0343796486225072
E 330,1.0050986675670293,1.0006977088105888,0.9926156149910058,0.9847540756283987,0.9820826703314754
E 331,1.0127505278891455,1.0211530680860708,1.0082663502083486,1.021320361957186,1.040554504192842
E 332,0.9912506591990009,0.9999636701923795,1.0103585484591038,1.0218219673624667,1.0303422921376888
E 333,0.9931767683342185,0.9966893028905529,1.0040287253779971,0.9908511660989978,1.0040668333868914
E 334,0.9851369727364896,1.004279634241415,0.9995169369342691,1.0115569549224863,1.0176364573027665
E 335,1.0013175347871441,1.0080421564391602,1.0200940251696824,1.0415122884507968,1.0540155532418658
E 336,1.0125863479811774,1.0176001221465079,1.0131695264305374,1.0250604353204906,1.0255347216769413
E 337,1.0121144260700685,1.0159613045412008,1.0262121563798485,1.0165833612677682,1.028248661840442
E 338,0.9903999442133558,1.001645897308524,1.00941293362254,1.0084144020132477,1.0028743233358552
E 339,0.9995641937081563,1.014945081054308,1.0255846933074502,1.031407046129128,1.046227105354615
E 340,1.0005061832265598,1.002796264373426,0.9960132179375828,1.0035885249861765,1.0090726392659677
E 341,1.0156464030615615,1.0236852902482954,1.0221950164789728,1.0243208692380057,1.0250911911226774
E 342,0.987803531899147,0.9823990264819805,0.9805558407813191,0.96411639579182,0.9844733425338597
E 343,1.0011310819300563,0.9941183294806393,1.0021086089210953,0.9931772628165072,1.0003645007077302
E 344,1.0004673783831972,1.0152257044960136,1.033063283532164,1.02689280358262,1.0264615140933517
E 345,1.004974409533824,1.0141132878549308,1.0240525141588903,1.0301933505613214,1.012904371955865
E 346,1.0144345488987017,1.0028035061624847,1.0105563469147374,1.0050277959900453,1.0079259506810652
E 347,1.002898103029423,1.010458236989488,0.999258436832498,1.009118468886747,1.0217206534583096
E 348,0.9976479812354444,1.0194016147129301,1.02855911235065,1.041940013153893,1.0470970547033644
E 349,1.0025326326995132,1.0071516888275698,1.0262684690231447,1.0252681393256493,1.0375546182272022
E 350,1.0001447429820562,0.9996047519756867,0.9973683361221531,0.9989298485827959,1.0125452548722245
E 351,1.019757717801777,1.0348998456234495,1.0426032729222046,1.0501566517288707,1.0657934132653157
E 352,1.0117343469859512,1.023552665706642,1.0262823589257652,1.0365673854675552,1.0249972127873717
E 353,1.0058090940361342,1.0029259655060936,1.0031555383274435,0.985775110570041,0.9896071567093413
E 354,0.9988051060021953,1.0083149312617616,1.020031590018834,1.0255473574673468,1.0323160909064315
E 355,1.0100956971432882,1.003729780401073,1.0094324881154164,1.002598836833715,1.0040002309435152
E 356,1.007188340905994,0.99706410166433,1.0153637303948009,1.0178219586797872,1.0192401905124204
E 357,1.0190260896754362,1.0388839174641478,1.0494992620509849,1.0569218560887679,1.047873411545549
E 358,1.0046757970637974,0.9977341754980147,1.0044426085513773,1.0164371519518736,1.022363733840597
E 359,1.0003784915905987,1.0126868075760647,1.0303810582261554,1.03782020059046,1.0546834494548951
E 360,0.9961189668494014,1.006672608571895,1.0125798284373706,1.0284972235909862,1.0229077613165958
E 361,1.0023934203966267,1.013587001527417,1.0256039543299054,1.0180499126606177,1.0354277046630924
E 362,1.004873744795062,0.9961493458442877,0.9964392738435113,1.0114381087372672,1.02147607288464
E 363,1.0121617548554795,1.0099358622734897,1.016251242820109,1.030499357362374,1.042851481519071
E 364,1.006866482954253,1.0192549500681303,1.0019558877769639,1.014837680406728,1.0143407582208985
E 365,1.0016692046236313,1.0220958837704908,1.0318539344904336,1.038482963091083,1.0332385505713
E 366,0.9928468781818853,0.99099272828269,0.9988007334363544,1.0113531675975285,1.0314728699923046
E 367,0.9991774214794977,0.997579696977176,1.0029699341728482,1.0251691747016003,1.0252124582816995
E 368,1.0022243537051516,1.0152062325164144,1.0142254697096784,1.0109644887345965,1.0240451673664408
E 369,1.011005976195579,1.0087520380053392,1.0264567208538393,1.0318409024070103,1.0428744877918483
E 370,1.0083616308631258,1.0149765466274385,1.0241431133796601,1.0374922607946995,1.0304333135652097
E 371,1.0012127611559778,0.9947615491091728,1.0102638721161783,1.0273006879013575,1.0365753564355733
E 372,0.9856707644521998,1.0039393140038921,1.0203513994707416,1.0317602041640959,1.028614505149922
E 373,1.002837148374897,1.0052168175739895,0.9865351739392353,0.9957338252375597,0.9842206561283223
E 374,1.0021351399007201,1.005582191428059,1.0152112317223403,1.0296323527250963,1.0404476578422452
E 375,1.0165071816558335,1.0190591918242784,1.0383906054413687,1.0379688004022907,1.0450490501045733
E 376,1.0091719905344312,1.0293921705870752,1.0229552206625923,1.019994079398374,1.0315505635071016
E 377,0.9926135061055467,0.9976858340242858,1.0016960986401164,1.0070469328929652,1.0047900228331241
E 378,0.9970153674400267,1.0143581487331341,1.0269229115810514,1.0125350230744778,1.0187957101381293
E 379,1.0009609358136466,1.0131468276953768,1.022952852822197,1.0114260438064773,1.0152541199360643
E 380,1.0158721170848217,1.0253050675746402,1.0337388673994132,1.0484051245446286,1.0657922909092048
E 381,0.9819727145732374,0.990728270484344,0.9807848146940641,0.9953378989971808,0.9948653629970328
E 382,1.0186951945040446,1.0347211960892708,1.0489181041315647,1.059514388573068,1.0773793257674609
E 383,0.9960023215219211,1.0034218782986857,1.0154179646979713,1.032472006768963,1.036037155234132
E 384,1.003338029451766,1.0246164025610691,1.0343496173678381,1.0352805647330243,1.0557393399588093
E 385,1.0234902947212958,1.018768099829704,1.0403463226847296,1.0476783868354287,1.0662195534189118
E 386,1.0135093388200112,1.015227023131491,1.01429982903452,1.024321346897457,1.0125546877466614
E 387,1.0073779223248145,1.0152689588583657,1.0069848427148695,1.0109110410500417,1.0233594533763481
E 388,1.00713603103695,1.0254752679441763,1.0091657788920951,1.0224044821756098,1.0230828651231283
E 389,0.9871184070180813,0.9988093361244006,1.0027058974754228,1.0142178659456458,1.031159637738559
E 390,1.0111951920383966,1.0214312918955015,1.0356655279549822,1.0394202619318607,1.0216706407889564
E 391,1.0057711957986983,1.0246658619174365,1.0238677263842302,1.0094290801409151,1.0243081886791423
E 392,1.0116731078337469,1.0024625839339019,1.0104578521284997,1.0138235230507184,1.0092066093259586
E 393,0.9899752565290426,0.9938226748172765,1.0039274765238295,1.0190074133171128,1.034756240460407
E 394,1.0132862224359973,1.0185858063719118,1.0319042044342694,1.0302479859571811,1.0392709270816818
E 395,1.0103428432720054,1.0098498234934947,1.0114119207330055,1.005404405391272,1.0122419910009655
E 396,1.0120914965838264,1.0275936627534394,1.0364300738624865,1.0474564273805065,1.0537854323783407
E 397,0.9894117194467714,0.9871631742504143,0.9859955597657658,1.001543701404004,0.9871917048497493
E 398,0.987942783196778,0.9874580569634314,0.983331068501685,0.9871793253655462,0.9889117737077523
E 399,1.000032373918026,1.018296907215539,1.0174900122165116,1.03547892934095,1.0529331010480287
E 400,0.9890224320569301,1.0049096740310848,1.0036912274892087,1.0154832902149835,1.0234789471573393
E 401,1.0011422159831014,1.0224599177775615,1.025216484646008,1.0461790393323842,1.0518324632573588
E 402,1.002172077872527,1.0105044470896656,1.0062484132457246,1.0224167614451698,1.0335372801038036
E 403,1.0059597269376213,0.9950434191564995,0.9895445924154251,0.9986786333424473,0.998392600430739
E 404,1.0105948166917522,1.0148972320083844,1.0106300216970243,1.0165992417540852,1.0159171010424728
E 405,1.0062957521114726,1.0100437682811076,1.0013802685800852,1.0033289534035195,1.0024642582861951
E 406,0.9882858085116499,0.9918206987266652,1.0019880552029032,1.0186178015526026,1.0172048480871994
E 407,0.9859289397311016,1.0012517149527733,1.008059233045671,1.0106842218058976,1.0127750382865925
E 408,1.0169832604401496,1.0222088620952545,1.0262061729835077,1.0312327031980362,1.0496413862518053
E 409,1.0166818367930748,1.0319000358417376,1.0333806342869194,1.0425377420295137,1.0450139844808488
E 410,1.0057931945581855,1.0094069410073254,1.0159826014128026,1.0209651423492576,1.0327349964088999
E 411,1.017301481453701,1.0116199129901995,1.0364854451903343,1.0380802094693167,1.0573746405187585
E 412,0.9989207823389623,1.02130093933918,1.02854610045598,1.0411133098149679,1.033698747926553
E 413,1.012366908116993,1.0055381211861212,1.0091371238014089,1.020201070093965,1.0178315540853518
E 414,1.0154068591775698,1.0119331365956825,1.0117946005980996,1.00250872349025,1.0011432376959697
E 415,1.0103362102750213,1.026851980923714,1.043384210221513,1.0622408273550308,1.0764033259453594
E 416,1.0038452913394527,1.0098637822465766,1.0339068070899258,1.0503900188268676,1.0641633647006163
E 417,1.0079858970822508,1.00662965896534,1.0218772081135685,1.0293112749349713,1.0158945857152473
E 418,1.008924310854255,1.0269683241573397,1.0436806604520872,1.0398001495749805,1.046013726459056
E 419,0.9993520791110753,0.9900726597022783,1.0050572840222693,1.0114299519568342,1.026887560565883
E 420,0.9964413744608189,1.0000133917034948,1.0195707876916456,1.0081820306523834,1.015917392032068
E 421,1.0037058994930301,1.0237208941066493,1.0341005868129942,1.0435223510034066,1.046815070830648
E 422,0.9825362933873896,0.9848644362824814,0.9826344337090918,0.9826244145587737,0.9950252996667027
E 423,1.0109755665697215,1.002051885631175,1.015299340956832,1.013814171469802,1.0170568296812847
E 424,0.9857147890893161,0.9965078411225379,0.991852018360028,1.0043232908421518,0.9890914575768357
E 425,1.0155940096735359,1.0138689286254257,1.0006341095734927,0.9865608161958099,0.9853869639116657
E 426,0.9915733137953733,1.008150087375474,1.0180605302739156,1.0332547798064635,1.0429458735296038
E 427,1.0080681373147926,1.0270767185349463,1.0408337149264988,1.038990953302324,1.0482409355801203
E 428,1.01290045225601,1.0053544023582177,1.0129099141754667,1.0004483116740233,0.9892012645152327
E 429,1.0219428191130655,1.019163909909465,1.0218462342410923,1.0262807242729646,1.0330343741467551
E 430,0.9901873236182946,0.9902179758111355,0.9917533887899042,1.0007555562023134,0.9901664060087371
E 431,1.0066171397681287,1.0124365444406256,1.017198305607456,1.035499380473924,1.045253141027552
E 432,0.9887747163230083,0.9965432683618909,1.0025309008718823,1.011876425687349,1.020691389241129
E 433,1.0030226594223692,1.019039767160484,1.033122049851528,1.0415880091098304,1.0522381966245093
E 434,0.9928474448172321,0.9878690259624426,0.9853771753061382,1.0013409573485896,1.0025402520072726
E 435,1.0058899370308825,1.008560357609681,1.0080896015691683,1.0149675002298622,1.0159127776480101
E 436,1.0043757977910193,1.022702129567543,1.0204433100307113,1.0290725995758345,1.0251418452121817
E 437,1.0190625359790526,1.0101784610580002,1.0269006471444873,1.0279538310497898,1.0376747816677627
E 438,0.998121380867756,1.0089976879096567,1.0260884750802535,1.0342436787430507,1.051971988061345
E 439,1.0065374568253043,1.0272345735239314,1.0474474952498494,1.0545362904454803,1.0599577202803023
E 440,0.9956338765063903,1.0094044409246783,0.9960441984157978,0.998786857809919,1.0031743209890982
E 441,1.0018821946276324,1.0145764155709263,1.0118308623679666,1.0073862649532608,1.0187467430539077
E 442,1.0049898441535703,1.02332673737293,1.0282942247511355,1.0446853227096915,1.055285477411631
E 443,1.0031118501219918,0.9932407816144406,0.9971843930985712,1.0048224023798253,1.0036253547909746
E 444,1.0143947988193691,1.0274425484580412,1.036362581495064,1.0408582772259323,1.0315653862098666
E 445,1.010544752521676,1.0093624285304,1.0153491559412662,1.026115353778088,1.0304605893923
E 446,1.0145516910170722,1.0125513738496812,1.027868827728488,1.0387121999156956,1.045511051236016
E 447,1.0006769223649359,1.0124716478571685,1.0129616766750247,1.0113469598676674,1.0272268327374257
E 448,1.0214597589410677,1.0272217497987217,1.0147759655208446,1.0251954642012413,1.0350427073092545
E 449,1.0023579093840636,1.0182900340912948,1.0275087793615225,1.0348372463350757,1.0497669029794658
E 450,1.0113691730940257,1.0191806304892048,1.0085993619723235,1.0140467401862285,1.008425013208404
E 451,1.0120034725050715,1.0090341334546082,1.0013549750772521,1.0005527858369427,0.9939885677218664
E 452,1.0051918922627219,1.0009314198947818,1.0122473777991343,1.0250913354863735,1.0433439576956534
E 453,1.0036235199178718,1.0109324016086463,1.0150565131952296,1.0219040232511467,1.0381339861702297
E 454,1.0147146549401258,1.006210597019796,1.0145161278158041,1.0261880161042396,1.034258517826269
E 455,1.0220779053100852,1.0319343372869954,1.0377003515586556,1.0194232220334367,1.0345528734882958
E 456,1.0093515021027564,1.0266927645663309,1.0330426536252344,1.0305814276159,1.0261824391919845
E 457,1.0132364290029219,1.010674837559626,1.0138920598279675,1.016081526733974,1.0279570514177805
E 458,0.9964228724070604,1.008911313720866,1.0267152133609814,1.0355528627859225,1.0292736543025371
E 459,1.008316329491274,1.0236647999368393,1.0124248329000416,1.0230234801710525,1.0392009994479867
E 460,1.0026266988510206,1.0113572074686312,1.0094702375945017,1.002359389631659,0.9883958459605683
E 461,1.0158626360686458,1.0259506660083237,1.018932657521446,1.002433051388176,1.0129041881425807
E 462,1.010045098387059,1.001485764328133,0.9967753756247826,0.9924973906412654,0.9927077308790796
E 463,1.020124717343416,1.030454825309258,1.041229570525781,1.0451880226206245,1.0534177376849827
E 464,1.0087182422356087,1.024894373056786,1.0265561922431314,1.0339361599787824,1.0484022462734126
E 465,1.0163232618038456,1.0189123760035497,1.037758390991156,1.0449121410761484,1.057330582321071
E 466,1.011413515419299,1.0067096564983469,1.0165431017984123,1.014727441331558,1.020885619936254
E 467,1.009604061000993,1.0090262623217563,1.0193755715367379,1.032416228538444,1.0417918765647143
E 468,1.0072383113683228,1.0076024199048186,1.0164481547549644,1.0171876204097376,1.0313151397100595
E 469,1.0120145456067071,1.0266353318169419,1.0110612408127093,1.0186173327835157,1.0043497438227795
E 470,1.017986702174629,1.0165364390014986,1.0309806431750486,1.0327130312526416,1.0221032629947024
E 471,1.0084240777203368,1.0101972673065034,1.0250162594991794,1.020240897513735,1.011966978405128
E 472,1.0104117365622065,1.0235353453170741,1.0216175030119676,1.02885360652765,1.0228039630452848
E 473,0.9886263832882738,1.001586380386738,1.0081251289696316,0.9966128277440539,1.0003414041806482
E 474,1.0093705217747158,1.0108624208156938,1.0157643420556788,1.0284229787205434,1.0498187858890307
E 475,0.9892827669250575,0.9835458919609807,0.9814924743807218,0.964387926577913,0.9696433218579865
E 476,0.9872740593536915,0.9854323077509666,0.9961893881963161,0.9837816962047825,0.998830594592323
E 477,1.0070456274563655,1.0211951419554886,1.030701035538366,1.0381254566484184,1.052483598394797
E 478,1.0095886790172524,1.0276378451209895,1.0326770100966642,1.039792557241362,1.048822997496635
E 479,1.0102138782289638,1.0075135847347472,0.9961623542654298,1.0077795597796935,1.0014678287027123
E 480,0.9922379505418644,1.0049840343471637,1.0147406461012594,1.0107606998981842,1.0161202315072275
E 481,1.0055026774681008,1.0092152675087747,1.0210998868797372,1.02873122712052,1.0426168655007184
E 482,0.9984105376062262,0.9987251908090453,1.016047169156291,1.02349408080101,1.033574935416152
E 483,1.0194615254326533,1.0119977597639496,1.031495320384843,1.0242991600667741,1.0341003883825792
E 484,1.0049327603037443,1.0156509675876308,1.017558822004574,1.0236111447014264,1.0271869178046071
E 485,0.9821441138582084,0.998628599149009,1.0168839367681892,1.0254194947889606,1.0460709908131325
E 486,1.012683585306841,1.006791675154364,1.0100834104128216,1.0124460751738487,1.016784986424255
E 487,1.011198124959953,1.0232082679159682,1.0310004565164723,1.0367566483252864,1.0431266037987417
E 488,1.0057755592806037,1.0160353613501636,1.0203894959952864,1.0320479825046551,1.0462282219734336
E 489,0.9934439739284394,0.9877939340941166,0.9954257383477749,1.0030536602308195,1.0032846914935176
E 490,1.0112371596122158,1.0350856293299378,1.0405027050694076,1.0506840121960002,1.0539777408557296
E 491,1.013465231995469,1.014275524661234,1.025516922197967,1.0319127812735587,1.049223264711629
E 492,1.0005930344341702,1.0010456422512644,1.016511561136345,1.0253630936038813,1.0454136791166024
E 493,1.012099020203161,1.0293815747643755,1.0343640923072488,1.0353469549640753,1.0334590619647306
E 494,1.0006164494069485,1.010811452551636,1.0005313658104478,1.015075087916088,1.0158253283677785
E 495,0.9935714517784279,1.0030322872510193,1.0176140499188955,1.028902576840467,1.0314587082981739
E 496,0.9819410824815414,0.9714978050718118,0.9689266686774226,0.9686603854827398,0.9724450396468876
E 497,1.0189446115335643,1.0287347140432441,1.0389962602249623,1.0478745533637548,1.0512201206046234
E 498,1.0091733893034904,1.0036749712424533,0.9903744181827696,1.002957656947951,1.019720715671069
E 499,1.016797564361665,1.0251899948687608,1.0320530631216849,1.021015951484676,1.0289527905690112
E 500,1.0012810962322125,1.0064909119566778,1.0268914691177338,1.0287936971109604,1.0356247620959997
E 501,1.0105768857582884,0.9913466988010322,1.0015649482844207,0.9849429588967218,0.9736505057086254
E 502,1.0119404290154685,1.018978712957398,1.0081007506356319,1.02402265548301,1.0272626337456092
E 503,0.9985486272627188,1.015722852657472,1.02818079274785,1.0467180535839937,1.04535300143902
E 504,0.9961020694688234,0.9994973785009724,0.9929365293556263,1.000748611022701,1.011724865804524
E 505,1.0042080584016295,0.9975956659374949,1.0074407859805747,1.0062866030024495,1.0108192240129863
E 506,1.0053331470612297,1.0197563182544211,1.0037778565742084,1.022667677594674,1.0112781229178136
E 507,1.0119464487315644,1.0067257992788219,1.0068641616734004,1.0154028988731079,1.004269353733723
E 508,0.9985197945928268,1.0133767096864903,1.0204970931359658,1.0295778261754494,1.0315473420213508
E 509,1.0093951487449118,0.9958738824329194,1.0018542103418466,1.016060292230848,1.0024336195104018
E 510,1.0135556330342301,1.01331473299674,1.0092600117795898,1.00773488362398,1.010677555869729
E 511,1.0203696307754797,1.0263642193723739,1.0322558696364688,1.0299951358888648,1.025231051799498
E 512,1.0090526891007068,1.0265589704470384,1.03926791109762,1.025092480567026,1.0165436679292716
E 513,0.9969268153123964,1.0161178748055604,1.0120072196503596,1.0149667189478135,1.012688093779086
E 514,1.0147240631424823,1.0223023142619743,1.0084754938284148,1.0273736910906277,1.0384232442715935
E 515,0.9918075052809254,0.9948070578004624,1.013747842760859,1.0159338031928877,1.0287841095693238
E 516,0.9907687242933995,1.003905610984928,1.012036332042831,1.0345205842812308,1.0492957749018597
E 517,0.9967104678868969,1.0049684949777413,1.0158966939001235,1.0133705615647326,1.0075236535426337
E 518,1.0201570840428256,1.0264635347971385,1.0333591892759175,1.0256879267884054,1.034541549293999
E 519,1.0205700796945965,1.0318447533366981,1.050504623204397,1.050053154229833,1.0675513544662039
E 520,1.0123579253366821,1.0163974344088558,1.016931457013124,1.0340778491133817,1.0374302227792758
E 521,1.010076460838659,1.0191641604102715,1.033807734070992,1.0217203402776058,1.0219121628077927
E 522,1.0104422429359705,1.0264525728729026,1.0364721698955472,1.0452237886230178,1.040927056958403
E 523,1.0141412804910077,1.014217881908275,1.00127298051994,1.0086412398865283,1.0193794632168984
E 524,0.9987009437421427,1.0049362251951917,1.0062011193141591,1.0082460995286469,1.004513271779363
E 525,1.0129393187060802,1.020889711156918,1.0382402272921458,1.0579266871523691,1.0439748834017122
E 526,1.0121381846857196,1.0216697997454554,1.0219004988906244,1.0316395787611716,1.0291523041694288
E 527,1.0172957717628546,1.008537988676613,1.0228374946700312,1.02907031346103,1.0501303429220383
E 528,1.0005828164086226,1.01199700451396,1.0246747807422432,1.0442281484902645,1.0381872120580053
E 529,1.0145410448758632,1.019945262724838,1.027888979353591,1.011387509494404,1.0134113387500372
E 530,1.005398367048049,1.0084429156851735,1.0254796465500347,1.0348275541927516,1.02913080151572
E 531,1.021036528028736,1.0318827775679147,1.0377954871544008,1.0267002016756963,1.0443665252847283
E 532,0.9971032846546101,1.0009671157572284,1.002245662985664,1.018283664073693,1.0032830299231412
E 533,1.0093144345465073,1.0256338805912106,1.018415676865492,1.0260655412313733,1.0352323113776083
E 534,1.013206643174516,1.0239138254237237,1.0153686092501566,1.0322177001589792,1.0447536199883733
E 535,1.0158052754325786,1.017443623669426,1.0234729686332118,1.0206505931331589,1.0240985235738485
E 536,0.9921537222243377,0.997035716145517,1.001342361125887,1.0015094337561101,1.0020887539975125
E 537,0.9832132477911232,0.9819994397463088,0.9952172323292963,0.9997287917064406,1.0111554372075828
E 538,1.0136561987876118,1.0150398226339035,1.0205096706772454,1.0213493431812855,1.0213907554954014
E 539,0.9890600401668592,0.996614804892612,1.003461008761786,0.9923583739229073,1.0010432501172941
E 540,1.0053729682838388,1.003730424547957,0.9971662825031451,1.0084346894710663,1.0279280331289127
E 541,1.0193290688303076,1.0361519562702641,1.050915726224969,1.0694144880412895,1.0793195097482644
E 542,1.0152590094870306,1.038120676429615,1.0527861807437404,1.062273385331185,1.0542357022046693
E 543,0.9976804116796368,1.0106162032475927,1.0233315086580492,1.0387147247871484,1.0377908498162656
E 544,1.0094547556133149,1.0159403896718808,0.9994802199840012,0.9852742863364665,1.0047353584999257
E 545,1.0095514060796456,1.024678851753731,1.0399572378517288,1.057745039810752,1.0596939119049797
E 546,1.0195515952844163,1.0393867529914622,1.0502587957400447,1.0706805834360007,1.0831322256281124
E 547,0.9897344998799977,0.9900873251171212,1.0087525786049536,1.02659637146417,1.0356702897716061
E 548,1.010577958150035,1.009859006029223,1.0280378212859727,1.0448924374267576,1.0424354242838938
E 549,1.012192929821229,1.0239784070662605,1.0361301231269162,1.0399521519197141,1.048378193014132
E 550,0.9945922785817266,0.9955904731420858,1.005715028037377,1.0104745271087365,1.022282239493962
E 551,1.0084128495420654,1.0001201524610586,0.9859440190190873,0.9985230322080092,1.0034897587951608
E 552,1.0140227247450007,1.0155591614774218,1.0060829940570837,1.0202681637841151,1.0224100175072406
E 553,1.0076411979571773,1.006132066390764,1.017084877722517,1.0199297216718604,1.0331180532377797
E 554,0.9963079538972123,0.9993289182166453,0.9974823377584047,1.0035237990571981,0.9996400541674929
E 555,1.0107153677361436,1.0242716560929552,1.0361278653301844,1.055071193534988,1.0508426273141782
E 556,1.0063159915263131,1.0121852694321993,1.0178152282510222,1.009417186309852,1.0307529053587865
E 557,1.010276943357419,1.0231341439075774,1.0256318191554243,1.039933087055743,1.060738946434257
E 558,0.9917053317858707,0.9999865707394585,1.0145311778565511,1.0225978967147455,1.0307524472151288
E 559,0.9832346144891209,0.9984519528476543,1.0140285891080647,1.0229545464824328,1.027239952613262
E 560,1.0184140457513826,1.027504429985056,1.024327360737056,1.0404335013409947,1.0290428641613043
E 561,0.9986946823899652,0.9966478530007756,1.0089258880626002,1.0036055294677682,1.0092625282577523
E 562,1.0150248649271514,1.0276336532925743,1.040491146436471,1.0396212330790215,1.0420096683563833
E 563,1.0117611026368292,1.0236205013625936,1.035698676867346,1.0181527685830298,1.0237311459598626
E 564,1.012807290847707,1.023963656332488,1.0412984546816417,1.032023070569839,1.0235694746297201
E 565,1.0055544297143473,1.0076726703864383,1.0284006296045693,1.0503050697802707,1.0564589795179802
E 566,1.0091030092489377,1.0179559148783035,1.0357823270136939,1.03418419943765,1.0250374314741262
E 567,1.0022315944129443,1.0157851759260188,1.0223591055189323,1.032683987090471,1.0304694823194642
E 568,1.005430663881497,0.996806613254131,1.0112542607421167,1.0225258909815458,1.0345651688499884
E 569,1.0139735626657094,1.0262009524012896,1.0257368395697004,1.0186886333165235,1.0312292558484732
E 570,1.001648849453831,1.0162378134403387,1.0167242100022933,1.0181337997560804,1.0006735572595624
E 571,1.015730605934543,1.0253304304404507,1.0288146295712919,1.0409450210323905,1.0512994749404128
E 572,1.0035873241982203,1.013755384402115,1.0206244242795013,1.0243160287953113,1.0269166575566975
E 573,0.9960190641985758,1.0128497582214089,1.0307064329325826,1.0436590660939096,1.0474893740625153
E 574,1.0015121042250408,0.9843915329476878,0.9889391913006981,1.0012776291771945,1.0186501615602146
E 575,1.0117693437593678,1.0276960826812809,1.0205281868583465,1.0235489688236696,1.028640870457144
E 576,1.0030426712215486,1.0178319080900018,1.0272471945895378,1.0504882843681296,1.064017598843145
E 577,1.000676764740951,0.9922907276882859,0.990939093156174,1.0040518356842718,0.9877156027534455
E 578,1.0084808932603753,1.0024645403809507,0.9997580072726515,1.0127495082398734,1.0228350766093366
E 579,1.010009669836652,1.01965157779337,1.0335703496677155,1.0301875925183328,1.025261904341593
E 580,1.0159514406822954,1.0244595056759502,1.0288884990496914,1.0289007339571115,1.0358294021102394
E 581,1.0080493526848966,0.9928985018205592,1.002379108462375,1.0185342575089704,1.0236453525643985
E 582,1.016841062474919,1.0028560669323459,1.022126688844248,1.030987133300246,1.0400662560502862
E 583,1.0014039936280406,1.0116740698400668,1.0245241129851483,1.011594694275595,1.0343483349708713
E 584,1.0138543587136322,1.023237598937512,1.0388809739277092,1.042530716222028,1.0338542463161553
E 585,0.9991126535228206,0.9907019203991247,0.9888353606348497,0.9983962055662575,1.0066985323636026
E 586,0.9876826005913161,0.9811988991810972,0.9928346644745514,1.0024568900743083,1.0057777471718399
E 587,1.0217632125994982,1.025031368435477,1.0327193050253984,1.0393298339462265,1.0624437551681412
E 588,0.9982483207866458,1.012036952492896,1.015704812000188,1.0366325163404961,1.054538306813099
E 589,0.9953862466132269,1.0002140666667145,0.9832439157731406,0.9903740467066102,0.9891874627549472
E 590,1.0016383419542452,1.0039139430099902,1.0168048157155245,1.0287807024891404,1.0250414302057202
E 591,1.0143531395794114,1.0369478047981266,1.0484760839955105,1.052795086427157,1.0688175838132938
E 592,1.0052841383644464,1.0264080703902518,1.035606263216715,1.0529793682079605,1.071281509317349
E 593,0.9947547109354695,1.0033369630301316,1.0012149428900674,0.990288774738802,0.9994083796784323
E 594,0.9972771608253158,0.9979263981944306,1.0109807625167364,1.0213376593569146,1.0330348071585647
E 595,1.0232172076531023,1.0346573786935847,1.0471462881527382,1.0548866846339373,1.0561082501250765
E 596,1.005572786797775,0.9914605076133463,1.0034875099958356,0.9972589104200638,0.9895358893385218
E 597,1.0168819529240336,1.0132698192551155,1.0180443417979685,1.0028585101657328,1.0190045772900034
E 598,1.004559396096222,1.0034591160902995,1.0091596392750923,1.0075230941321107,1.012821433565427
E 599,1.0090886988589558,0.9937988865950723,0.9804395845148888,0.991294057716402,0.988346596200285
E 600,1.0186248011107557,1.0254324729150304,1.0364190259696118,1.036292429104255,1.0490748337229303
E 601,0.9997865993606081,1.0159471801648172,1.0063147032939095,1.0105397458888434,1.0073977751241643
E 602,0.9929584363303139,0.991024147332584,1.0118087236967872,1.0211930349687017,1.037840927509398
E 603,0.9895432067740295,1.0027103799739827,1.0154328519738616,1.0095978325392008,1.0084469608737041
E 604,1.0045202243225524,1.0073110660502598,1.0255859091922153,1.0348335447474746,1.0543614978596314
E 605,1.0079542138885418,1.0122411340646773,1.018794452694498,1.033949096602239,1.0497969077956306
E 606,0.9884885362537852,0.994963518567671,1.000440876851767,1.0087800473667266,1.0116714209183644
E 607,0.9926613086477567,1.011764807104209,1.023288598169378,1.035520044722451,1.0452394859821637
E 608,1.0082719193619236,1.0024293435886795,1.0065876344092772,1.0151483363526481,1.0225990387427615
E 609,1.0117304685610884,1.0080084261744147,1.017763183302739,1.011682607505105,0.9987370891878106
E 610,1.0090187587421755,1.0132078938723434,1.0192582692836076,1.0220818354030734,1.0152144820259725
E 611,1.0174777130905495,1.0161207563419556,1.0050403010058553,1.0069548902573833,1.0177065304991766
E 612,1.0165117817315141,1.0266796240578788,1.0477397858057758,1.0633624561037867,1.0799330736727641
E 613,1.0077923103625195,1.0062851475903962,1.0139245706503226,1.0031293783538078,1.0001270300162852
E 614,1.0058112517413311,1.0179633645424055,1.0207166853150427,1.020818263593189,1.0224563754254719
E 615,1.0130105230816415,1.0164617535845144,1.0057495008375679,1.0054154075599335,0.9981933283247727
E 616,1.0024026338322711,0.9975525087459284,1.0013276465904095,1.0115634531369146,1.0149104729613507
E 617,1.0046102865250812,1.0128165970348004,1.0319983343667805,1.0361670112050245,1.0466867291201303
E 618,1.010589827450076,1.0126757653485312,1.0112816822734276,1.0082408269073841,0.9999961987507663
E 619,0.9991722336687691,1.0151440020944842,1.0115539944363872,1.0298933220917377,1.0525141275108645
E 620,1.0123123155318436,1.0345802035841862,1.050473381026924,1.0677200170553827,1.0572098213817887
E 621,1.0091728157287494,1.0220489200809992,1.0238080964589504,1.0390512558789942,1.0517688509097558
E 622,0.9888974537537853,0.9785841582797254,0.9739309431096123,0.9766364985106621,0.990329401249782
E 623,1.0000811794967026,1.0126473419880595,1.0197605634836227,1.0402844865744465,1.0495740864680163
E 624,1.0064263834642133,1.022090201800159,1.035675260422066,1.0398760087175418,1.0553350041263196
E 625,1.012514545976726,1.0129761839802744,1.023647506597143,1.01573151870664,1.008119310545799
E 626,1.0132835107119966,1.0295361964712277,1.025725205951006,1.0394734969396258,1.0418835933982298
E 627,0.9932950710748616,1.0061586213672522,1.010068010102548,1.0067539964813264,1.0076577711315196
E 628,1.000219872887169,1.01389508155502,1.0113765094720997,0.9982947573780633,1.0062836189290705
E 629,1.020535885894259,1.0085834168149634,1.0150923417927367,1.027362320797083,1.0310194889534952
E 630,1.0016197812134726,1.014648161763264,1.0012684620502075,1.0136439021495922,1.031402359453834
E 631,1.0062557227948072,1.0049677753527881,1.0225821011464389,1.027903785222522,1.0385263990249258
E 632,0.990896005047864,0.9979429833959542,0.9859710875174306,0.980461373891776,1.000468527309193
E 633,1.0129410227803464,1.0243843564664872,1.02040092408346,1.027428838161506,1.0357446240363488
E 634,0.982252705313657,0.9865585658067277,0.983332459781495,0.9953331583349271,1.013444917051432
E 635,0.9877744248170686,0.9930966444984876,1.0039378932524778,1.009701766003982,1.0147144188147952
E 636,1.0021818982197384,1.0140022452497304,1.0227421130612542,1.0463519180805727,1.0719324490480324
E 637,1.0095195529070455,1.0079743632879512,1.014336815078681,1.003185581103248,0.986634013188453
E 638,1.008713996242479,1.0089528425166896,1.010209132668478,1.0016929208890104,0.997054035906412
E 639,1.0064390268048153,0.9995249509875744,0.9992258838204099,0.9968254516268017,0.9919201652297555
E 640,1.0028356386183783,1.020395623899211,1.022637582882738,1.017925662271797,1.0129318809995966
E 641,0.9860565900639575,0.9998664306618494,1.0212377288135381,1.0278397504832253,1.0397320357050197
E 642,0.988641471358613,0.9785583192690998,0.9812958656642319,0.9823354376719706,0.9911007871815709
E 643,1.0130157093778394,1.0158380536736265,1.0222951773169116,1.0300972713884609,1.031068367777877
E 644,1.0075993591755166,1.0198439831239072,1.0328956147487125,1.0387217165723204,1.0537115087417812
E 645,1.0095404203855558,0.9995887673555132,1.0109108231348025,1.0080119917917865,1.0185643666599837
E 646,1.005431559038705,1.0038735338960751,1.0142525020229334,1.0046570160661923,1.0081998611502092
E 647,1.0025780598625524,1.0205888017166018,1.0268076337707117,1.033752546272098,1.03646674306122
E 648,0.9852412757756088,1.0031327359523818,1.010488279902436,1.0061406797229262,1.0115492081264652
E 649,1.0076720638774637,1.0029583412947058,1.0012794929254216,1.0160510176100042,1.0294046114979454
E 650,0.9861521843397996,0.9994477475344615,1.0151913565616488,1.025021646936809,1.0313446730158948
E 651,1.009969095981202,1.01755609725401,1.0244724713027384,1.037909959453315,1.0452112434306666
E 652,1.012453277709067,1.0321027509016858,1.0383211530347443,1.0483192827858505,1.057346830612254
E 653,1.0042066429482754,1.024062254279227,1.0343905224465115,1.0516175154502896,1.054852148541397
E 654,1.00371662755683,1.0119677364672002,1.0201176859960217,1.0233385264139718,1.0339090899087722
E 655,1.0062387456073063,1.0102918715507978,1.0063537968998941,1.0122172965828504,1.0132444451936702
E 656,1.0185279204422237,1.0315461527714558,1.0493338913401935,1.0446201016736443,1.0550455723587329
E 657,1.0150577072605054,1.0339258901190345,1.0447594771450488,1.0408945736740522,1.052174763982832
E 658,1.010020564872414,1.0237749853919424,1.045798336812462,1.0619052663054531,1.0618187655377749
E 659,1.0060430159996288,1.0169690999007688,1.0044015129985737,1.0105215728250028,1.0145748100059786
E 660,1.0116959918343995,1.0077035105929346,1.0163974692304216,1.0180428023264216,1.0246330464747515
E 661,1.011529926277537,1.0182300523787373,1.019870609882456,1.0355005798348402,1.0364683067571872
E 662,0.9938130542270106,1.0118191644351442,1.00780501090869,0.996420008051451,1.010944076710264
E 663,1.0046298872384805,1.0007600825551695,1.00072172492392,1.0083372843665979,1.0052205191786008
E 664,1.0063404965126208,1.0124011254567777,1.0121407266501385,1.0097509836795242,1.0195370509119792
E 665,0.9957365921064415,1.007601276144974,1.0242582814862589,1.0356465486589777,1.0326706521735607
E 666,1.0145861490420232,1.0333690335250647,1.0297546584424055,1.023751128845554,1.0148476759527973
E 667,1.0192280797733269,1.0255773581580072,1.0176206093475262,1.0323101827552086,1.0299280206966563
E 668,0.9987833466748846,1.0093994362784204,1.0154967798995225,1.0333631806634551,1.0403026946938017
E 669,0.9983036382842552,0.9921986394604364,1.0093335424480545,1.0239480146178301,1.0249281221048654
E 670,1.0031108207271315,1.013683224352191,1.0120878214773579,1.0293825759405384,1.0219173144585239
E 671,1.0106965796191782,1.0111936801964225,1.0177946125221515,1.02562233473226,1.0314989632064366
E 672,1.0078453796588753,0.9992524640693787,1.008939209438064,1.0146136943990374,1.0185606446539714
E 673,1.0083741244626454,1.0077652892680522,1.0062900851720462,1.0205453437240886,1.0342034471586221
E 674,0.9888630919234345,0.9938094022404009,1.0057793903373338,1.0097078272211146,1.0309633216376048
E 675,1.0122245695700545,1.0253878566352486,1.0087522898237973,1.0303153091002442,1.0336909496811852
E 676,1.0173245446126615,1.0366636926556017,1.0291813024966185,1.0379301718003549,1.0547597728844793
E 677,1.008485428792422,0.9906513623444381,0.9753050422866666,0.9784374832143716,0.9884114539964663
E 678,1.010740688318571,1.013947654978367,1.014556046242512,1.034404967614707,1.0321795553914124
E 679,0.9954667591774666,0.9866622534511044,0.9910798577391826,0.995892039228086,1.0141633855847745
E 680,1.0081998275805375,1.0209821573230948,1.0373008282617286,1.041345570591231,1.0532327330613207
E 681,1.008543396249617,0.9999599142104881,1.010163731682551,1.020152443185534,1.0194636486223483
E 682,1.0070687316261604,0.9998321192290964,1.014756706964397,1.0154500728507532,1.0186451629895856
E 683,1.010968644972074,1.0213068172529487,1.0160596317927977,1.0197991188240965,1.0412847627904729
E 684,0.9977736822185255,1.0162729695228574,1.0117199828776502,1.0143372065630523,1.0112788509581239
E 685,1.0140510995955294,1.021944127467105,1.035350008536848,1.0449001272253386,1.0582610072997258
E 686,0.9965896367139402,1.017424586669275,1.026456920616804,1.0302216061991734,1.044909385989393
E 687,1.0163077533940796,1.0150660564210192,1.0380407295912237,1.0379425424203137,1.0598593861554015
E 688,0.9922906175839616,0.9787642343360061,0.9826168112004147,0.9849831605954757,0.993627701269436
E 689,1.0066008678962897,1.0140575310419213,1.0077450648896014,1.0010949940040244,1.0206418486476143
E 690,0.9963290829912415,0.9894163108235504,0.9984821253981524,1.0166594078679394,1.0163325911109733
E 691,1.0056821078796887,1.017571192629909,1.035868558140944,1.0471668973596715,1.0385542987335696
E 692,1.0147457056388947,1.016639772013888,1.0220013671405248,1.0291392438530538,1.0243619278724103
E 693,0.991979650424524,0.9962860754739093,1.0077846208061325,1.0196323102180413,1.0375492647647953
E 694,0.9994081302542253,0.9968231780060675,1.0054564936255783,1.0214454705260565,1.0138990234206247
E 695,0.9943706286973735,0.9874925571227856,0.9993551235622418,0.9970670130357567,0.9853072579532774
E 696,1.009459367156225,1.0197689012578768,1.0181316842493553,1.0101048337546006,1.0149044728997416
E 697,0.9828655831555583,0.974156851761089,0.9689291067336537,0.9735810448672022,0.9780560619364248
E 698,1.0118273288668393,1.010654792971038,1.0154286892347688,1.026882271977279,1.03978653653486
E 699,1.022693723201827,1.0306728498999642,1.0156324781022958,1.0167505043837906,1.0202663328870187
E 700,0.9924028486706624,1.0002491952566146,1.0122420331406,1.0222832185898811,1.0277500683343874
E 701,1.0201115659050175,1.0262772338918733,1.038254448704027,1.0621977813649304,1.0566248794072806
E 702,1.0088441963258452,0.9915369649913288,1.0083413235303986,1.002786057111617,1.0003920997176057
E 703,1.0073488843996967,1.0060359309535931,1.0256657183644564,1.0323449123681727,1.0571818631870036
E 704,1.0156353663477051,1.0001275687370141,1.009456078818828,1.0110914029113214,1.00384247586519
E 705,0.9997433803301302,0.9985517851460352,1.00449124357282,1.0193820611101758,1.0050587541161498
E 706,1.016055651051859,1.024537617275834,1.0316058368232959,1.025073792481046,1.0347045730779676
E 707,1.0176559146449036,1.0208810256294405,1.0380399628916257,1.0556650636905938,1.0707071513672903
E 708,1.0077533976292585,1.0082505831717572,0.9933418743277427,1.0025278747772641,1.0062882303316456
E 709,1.0130324765839707,0.9963056774740585,1.0032480863424844,1.0085031341317872,1.019771976856503
E 710,1.0122116262670144,1.0190115913935207,1.0331696708664984,1.0249521381207454,1.0102430644290121
E 711,1.0088269141128745,1.0030414816718554,1.01504065133461,1.02297630574595,1.0280802793192885
E 712,1.0043390587526495,1.0038287022078525,0.9977133307403674,0.9954833556846933,0.9920487483063231
E 713,1.012879788646919,1.010666914265308,1.002665781546994,1.0164701930203612,1.0088351481803934
E 714,1.0159866622416478,1.0139180173435756,1.0293454556145332,1.0336504605492434,1.0307921415654357
E 715,1.0150433559329246,1.0159728217471211,1.0207081795267663,1.0144540628566796,1.0265969689743561
E 716,1.0217081191868687,1.034055129631031,1.0329865496271613,1.0504574228063472,1.0458219788824012
E 717,1.000847554752321,1.01397918334763,1.0140025675153943,1.0274306933062356,1.028254543328607
E 718,0.9989182302958903,0.99326638984772,0.9892729902234475,0.9861201119325054,0.9929281911495056
E 719,1.0028143827579143,1.0009057993042123,1.0032349949115322,1.0027558283403253,0.9902221520120496
E 720,1.0047021540685837,1.022609014302465,1.0365149422369246,1.0443433579537984,1.0640125740422939
E 721,1.0075149843236415,1.0093927497326767,1.012606897080567,1.0251314777028304,1.0343858920868982
E 722,1.0141492358535662,1.0336443687618921,1.0460848881952984,1.0577014243326721,1.0544687930327827
E 723,0.9842840265465655,0.972159968197114,0.9862054819093206,1.0090058850602914,1.0254829188345442
E 724,1.004618898028648,1.0081556358839125,1.025972328950275,1.027124653245404,1.0350152915388233
E 725,1.0029604756118635,1.0107774576405664,1.023046595075053,1.027185713471998,1.0165602589922464
E 726,1.0165975863204741,1.0176827120063279,1.0352714242669088,1.0294256759289382,1.0289429024100814
E 727,1.0151690419582904,1.0264451244520931,1.0398745314818223,1.0611990341636288,1.0593103205440235
E 728,1.00524156673972,1.0225815566353642,1.0424450992233352,1.0508884176726598,1.069745880594795
E 729,1.0125627844449872,1.0284099246721814,1.0452164148820975,1.0518117999470094,1.0446101614302263
E 730,0.9837613860294346,0.9975973926901055,1.000194866386553,1.008555158598285,1.0166309611754847
E 731,1.0024400061377423,1.0064040046389096,1.0132013308669858,1.0306613025021187,1.0417467444333344
E 732,0.9908393007638735,0.9787400453676719,0.9869162806086038,0.9830447909146041,0.9952408312888641
E 733,1.0188433489960005,1.0306096781176928,1.030640405638291,1.050965193175795,1.048735848917969
E 734,1.0015735290875798,0.9907201149617422,1.0034173228938132,0.9993405570844195,1.0031956683253263
E 735,1.006630349431951,1.0013558610976712,1.0186476410222896,1.021053602177308,1.0117353486648695
E 736,1.0114184503186394,1.0154582527157263,1.0283931832725492,1.0244353525114485,1.0312560519344791
E 737,0.9930139615072404,1.0076810867036154,1.0249505484449015,1.0282835258429242,1.0422015696269937
E 738,1.0077797592716893,1.0247642427628634,1.0295873587902924,1.02487620740291,1.03482413369084
E 739,0.9903676953569753,0.984727422169567,0.9887015915238268,0.9788119331807643,0.9823536182519874
E 740,1.014819695327664,1.0102604909542328,1.0254609315682497,1.0339447870567944,1.0451929216457683
E 741,1.0012006926353825,1.0156222845111917,1.029374531193591,1.048390834468411,1.054575018663419
E 742,1.0133461218766324,1.0009932601219738,1.012727507840665,1.0199977497973671,1.0242825377788094
E 743,1.0053192606109171,1.0100512372773387,1.0204463691615273,1.0312646135813757,1.0454490592005223
E 744,1.0101360406999875,1.0196166624000156,1.0375081816189502,1.0342203262103944,1.0295531620939034
E 745,1.010458405861127,1.0034519596831335,1.0128309556357662,1.020030407116771,1.0275321128509936
E 746,1.0125810062522445,1.0257475603463129,1.0336162327611207,1.0420129870843986,1.0298398578560324
E 747,1.0133811209032146,1.0004225875513422,1.0121940508081844,1.001082657827322,0.9983198935562165
E 748,1.0186934309008746,1.021642356080829,1.0238608349002813,1.0372097081794536,1.0393244055100381
E 749,1.017967476135814,1.0302456589799032,1.033904684874908,1.0330840023396874,1.04396287071187
E 750,1.012289508749976,1.02686829271931,1.0245467118199887,1.0293176860089177,1.0287755413346884
E 751,1.0069482618555305,1.0207980256025482,1.0229244199157885,1.0222124521685427,1.027468138466171
E 752,1.0015668837792222,1.0158109753894426,1.0320685481287273,1.0522392454144414,1.058490126952425
E 753,1.0075077980016485,1.0084247708657896,0.9962196726866638,1.005878806601015,1.0158606222061286
E 754,1.000040912562245,0.9966937464483469,0.9984015629803695,1.0059745081377505,1.018577260588279
E 755,0.99163932913159,0.9991153303958975,0.9840801170215677,0.9976165643417765,0.9885320082105101
E 756,0.9934476777858506,1.003033760030935,0.9966325930465246,0.996651945535547,1.0064126572294985
E 757,1.0171195821610186,1.037294788817887,1.0394657157194593,1.0551461451029327,1.0701481853046633
E 758,1.0021999883715107,0.9925483601670902,1.012521298413922,1.0212829152245102,1.0219350864074308
E 759,0.9997947450294274,1.0102225398580105,1.0251692435284006,1.028175909175938,1.04500928739484
E 760,0.9951971106462321,1.006884553435573,1.0103004499984145,1.004835385210301,0.9928900689809868
E 761,0.9935206762992345,1.0000555166291782,0.9878860514048649,1.001279027243067,0.990285052854399
E 762,1.006619808844182,1.0122592704727162,1.0014049607133049,0.997620060966874,1.01831580525731
E 763,1.0005036511792054,0.9970777353818516,1.0125902912916223,0.9994718690293055,1.0083636912295975
E 764,1.0096699979210306,1.0259272551884315,1.043529999495388,1.0357040290681707,1.0578319889549834
E 765,1.0016243767887267,1.0140379924209122,1.0191375314302271,1.0250853780975075,1.032120134568512
E 766,1.002947619994356,1.0097256241077865,1.0233088039446436,1.0335596166438337,1.0260913418946922
E 767,1.004427785124651,1.001838918019609,1.0173888190754672,1.0210877366853177,1.0243501363280596
E 768,1.018328670640171,1.0351033495557038,1.0505928408132976,1.0506095370699275,1.0570801995009533
E 769,0.9889586253432288,0.9900816529569199,0.9947491089242466,0.9829558928369108,0.9876537409409931
E 770,1.0064460432602547,1.0088639896815688,1.012423497758748,1.0144780865370702,1.01172509638929
E 771,1.013131624204229,0.9981530026772686,0.9877560743692017,0.9800074431921447,0.9876621313925812
E 772,0.9986749820032299,1.0163953439651832,1.0266381178936648,1.0414933727944375,1.0433823661404564
E 773,1.0126533086007596,1.0067801068312114,1.0116405344427841,1.00910343829107,1.0294271629221248
E 774,1.0158778299925524,1.0013543504470512,0.9976093660374087,1.000203565622193,0.9957626717414872
E 775,1.0042586944308367,1.0005988471930816,1.0016744943670297,0.9987646363413691,1.0131755534596676
E 776,1.016058335319078,1.0124294867327772,1.0219745262536861,1.0256857302569486,1.0476834685217054
E 777,0.9846133116526424,0.9938415954764138,1.0095917747822771,1.016386385266417,1.0307429523713485
E 778,1.0079701657869806,1.0176751759698486,1.0319624150185909,1.0210671314651991,1.0309840582085206
E 779,1.0194376430057503,1.025898157248926,1.045984857469175,1.0497789741317711,1.0437552740957645
E 780,1.018022154082082,1.0242518439109738,1.0229054421354107,1.0238430822122389,1.037605464939244
E 781,1.0160431295923,1.0136305364126599,1.0191886287843146,1.0305317643965697,1.0310393707673282
E 782,0.9943191023622644,1.007924567092219,1.019106477863878,1.0322691085288438,1.0171554265827458
E 783,1.0041289480735323,1.0175279767446483,1.0266715787122043,1.0325770122794784,1.0325611776162569
E 784,1.011582086705609,1.023845534187896,1.026979817182942,1.047829469344132,1.0615977482796743
E 785,0.9963362447891476,1.0082729425601689,0.9987794979253154,1.0075351776890948,1.0179112061731355
E 786,1.0082363580662888,1.0118819786536701,1.032480175028095,1.0220808589795245,1.023948860682968
E 787,1.0004119429303922,0.9991412753307811,1.0128816608250684,1.02058495775033,1.0343002631166636
E 788,1.0130717858463587,1.0268967807881217,1.0340859225294667,1.0445458037936246,1.0543988731240086
E 789,1.0083751471415734,1.0073119471155478,1.0200425792599195,1.0225386368450733,1.036616533334572
E 790,1.0101052397781147,1.0133090795529984,1.0290844689277463,1.0127511409142722,1.0238856328287218
E 791,1.0013273509565888,1.0133357426461849,1.0255360985898072,1.0343881377731965,1.0332531962951168
E 792,1.0215773553108123,1.0300741250064256,1.0250072782316475,1.0179612013832424,1.0372974533255057
E 793,1.0004253569915507,1.0080135116246596,1.0100248829915834,1.0118323005298135,1.0079121570799197
E 794,1.0017964476589554,1.0041996050537187,1.005135236183193,1.0194484905828258,1.014006738789512
E 795,1.012552372416215,1.0215287394246881,1.0340733047710347,1.0368270121969798,1.0503951925978512
E 796,0.9949382087815738,0.9962838239518069,1.0015496603662624,1.0112972108654787,1.0184561607120257
E 797,0.9818716724900162,0.9951119654890627,1.0059930613021528,1.0057401464241889,1.00188649916333
E 798,1.018034881274115,1.0251971189576254,1.0304964547014697,1.0233128218322138,1.029888381349987
E 799,1.0080297336586832,1.0205441497762198,1.0261598604448505,1.0445935865792255,1.057821614980916
E 800,1.000907597787763,1.0090796768129817,1.008541193770476,0.9944408620261141,0.9919415826890383
E 801,1.0116335923670052,1.0064583332420691,1.0028280685168887,1.0026312093710843,1.000307760973239
E 802,1.0092273837102912,1.0313739195237457,1.0478091154287377,1.0564786054004398,1.0522788281642228
E 803,1.011098827235809,1.0026796673699212,1.0182283662260028,1.033399259752467,1.036162008974371
E 804,1.0013141963271854,1.0075252703988526,1.0043746470358796,1.0143540447685064,1.027638668868962
E 805,1.0196831624443485,1.039396573597212,1.0444157885175527,1.0581655812771527,1.0834721393310436
E 806,1.0137441578069626,1.0041808781168913,1.0087144142490492,1.005153535372599,1.0118352824405195
E 807,1.0036823969854778,1.0188187241701805,1.0300159644528684,1.022338362847963,1.0298524320489189
E 808,1.0092477294963378,1.0191876599216199,1.0263725669834387,1.0390976677284374,1.0322973406236646
E 809,1.0079120585982226,1.0077552520873427,1.0187032831705367,1.0042506549419092,0.9943655110271847
E 810,0.9823096948637318,0.9892579209513565,0.9743684494419541,0.9652772612535826,0.9555693227368846
E 811,1.0130038851547452,1.0203027303580823,1.012649637948606,1.015537516068212,1.0346374283898339
E 812,0.9969822939581142,0.9922504827191923,1.0014804089255174,1.002305362867256,1.0162936090145338
E 813,1.0069729532115923,1.0139086718708001,1.020128840652297,1.0355547956178757,1.049036161074791
E 814,0.9968582661345678,1.0100863815535055,1.02172980378642,1.0316347145933353,1.0536596745493199
E 815,0.9899094212387219,1.0090914051189406,1.0323182429990114,1.0541451292815853,1.057303586670722
E 816,1.008643708544247,1.0172723403257573,1.0168129083976432,1.0283640319598923,1.0420936848101963
E 817,0.9996862562450314,1.0089340323632292,1.0091454553769725,1.0270501685922804,1.0395854718574544
E 818,1.0185035749816393,1.0035967783127118,0.9937511245433448,1.000718859614792,1.0057557545575475
E 819,1.0063113419412903,1.0033069950237197,1.017757960826494,1.0387266872842367,1.0323468142250116
E 820,1.0217163271164935,1.0444388253576615,1.0331415107742659,1.0375805447785582,1.0286931399180257
E 821,1.0113690939042155,1.018171655638951,1.0337005275934859,1.0528236245819884,1.0585181403291308
E 822,1.0010226365421218,1.0131974342245902,1.0171805965872351,1.0058528427572724,0.9939773652265379
E 823,0.9964989717868625,1.0051563454919974,1.0073042153520624,1.015506277297757,1.004287562706731
E 824,0.9938245148645889,0.9989830488587249,0.9963744613063868,1.0137686595738564,1.0173353059750243
E 825,1.010243799247732,1.0165145313672241,1.018375798918455,1.0281952847024476,1.0392496317354993
E 826,1.0129384634496763,1.0208211985476403,1.031014643883967,1.0516432024560083,1.0471138479447422
E 827,1.0068270060449043,1.0021451582011853,1.010814418754113,1.0086595139030574,1.009909626961832
E 828,1.0215416883801274,1.036972632980741,1.0582226357579625,1.0665770641485686,1.068290709128746
E 829,1.006831150997783,1.0059507628446906,1.009366123328682,1.0192523580583448,1.0404207458900199
E 830,1.0233502363748666,1.014793556567419,1.0219676706431673,1.040677851816307,1.0382420972455546
E 831,1.016128264067391,1.0233156848448122,1.0214758474959997,1.029557422143505,1.0382147720296804
E 832,1.0115849669645804,1.0070787105577865,1.019566770890534,1.0252897654915238,1.035504444330658
E 833,0.990540552519448,0.9902328561810775,0.9974222011157418,0.9997423912289449,0.9885968713196805
E 834,1.0013040444378378,1.0119228155848758,1.0030082068975767,1.0026153475937665,1.0027392780955873
E 835,1.0002017102379652,1.002930280473296,0.9977491579360749,1.0039279198774,1.0094506449198737
E 836,1.009183406622176,0.9975423765755443,1.0129007898119986,1.0267011624354965,1.0347109963252923
E 837,1.0189839428332208,1.0100255613466982,1.007421163298232,1.001867344026932,1.0073347673782067
E 838,1.0085525149790597,1.016586360908522,1.008576591882285,1.0147202460957623,1.012251018768063
E 839,1.0077068512345975,0.9981994022521052,0.989638218653562,0.9729853592469819,0.9624080702081945
E 840,1.0037106348275744,1.001695914082273,1.0221081545593833,1.0334457296776176,1.0494558955330948
E 841,0.9987558011704408,1.0045137260109118,1.0139951181887996,1.0250288320048202,1.0224266619825404
E 842,1.0024941468395843,1.0238833386070487,1.034169550070655,1.0324075167434223,1.038722647982085
E 843,0.997699954694155,1.0181159011246266,1.0316334596028875,1.0554622199440307,1.0652387853624048
E 844,1.0099721850027554,1.0109734867161417,1.0280968378388102,1.0257580828024695,1.0283177928422227
E 845,1.018535841652147,1.0282173532521537,1.0336015322234318,1.047987409885459,1.0580008438398
E 846,1.01547936315575,1.0338624578604627,1.0482791843804846,1.0656749218815988,1.074745225235548
E 847,1.016257514911973,1.0033525994455756,1.0073871078170553,1.0124543463762432,1.0270932330834635
E 848,1.0118523263630694,1.001813297911111,1.0086817965293293,1.0058608931751263,1.0169225281056864
E 849,0.9863831987936521,0.9927763989916438,1.0087298536941338,1.0218732883672703,1.0146521855116477
E 850,0.993686612242413,0.9905197804102621,0.9741058227965227,0.9786592271858914,0.9980309795306428
E 851,1.0138557756399058,1.0005336894006724,1.0023182712474665,0.9965480000566423,1.0146860686936623
E 852,1.0031392033071558,0.9986973407685898,0.989567793573322,0.9855336212987236,0.9784506224658438
E 853,1.0068477833449767,1.0011928601142055,1.0099964851043663,1.012033455108444,1.0029014835466947
E 854,0.9838089845848773,1.0015394398262545,0.9924943374324032,1.0111398027850742,1.0140786510149757
E 855,1.0076646323140257,1.0046765168722829,1.001666290071622,0.9885855205349339,1.0061931877735613
E 856,0.9914260798247657,0.9872677079061958,1.006467814893157,1.0165476301792584,1.0185099232975143
E 857,0.9876059441055369,0.9952282777437772,1.003330041060987,0.9996579210636328,0.9981858893918657
E 858,1.0108068456197605,1.0267153364025894,1.024393500019286,1.0360267266096115,1.0308134934367261
E 859,0.9946877850801623,0.9813249640819529,0.9947560748948735,0.9948961385759393,1.0043912671572406
E 860,1.0206152851509076,1.0179376901687875,1.0180935054290272,1.021292133447815,1.0111206785590923
E 861,0.9982693255618723,1.0009680609045448,1.0136031913932935,1.0323142887270662,1.0199185680692924
E 862,0.9844185718809065,0.9899180464538313,0.9961830638445149,1.0018537890508465,1.014563230117593
E 863,1.003859705431998,1.0082328255971569,0.9984449237958334,1.003453036122095,1.012395996199516
E 864,1.0178088671428493,1.0366082655989088,1.0404641478174044,1.0429410957711194,1.0344975940466314
E 865,0.9976614784870296,1.0010725815908346,1.013563038300778,1.0132736007088108,1.0182146720337302
E 866,1.0085374639672602,0.9971415921890571,1.0117922761422582,1.0197083198650134,1.0199391942407134
E 867,0.9973282269078161,1.0054280877923651,1.0251960375325546,1.0201923624540106,1.0350962937818808
E 868,0.9974577251116044,1.0203689962389284,1.0310190555104433,1.0353037817206452,1.0330116048477174
E 869,0.9965368802346433,0.9940116776575485,1.01078382528138,1.0180491024601193,1.0184347148802597
E 870,0.9869060371471621,0.9878937423382578,1.001312993037554,1.0157986743175058,1.0244459206699261
E 871,1.0033528724303917,1.0078508492775122,1.0059944356082475,1.0102255105723936,0.9990112466745268
E 872,1.0075777939133632,1.0254683934253526,1.0359595463051479,1.043048774924743,1.0528214080117686
E 873,0.9989291463213368,0.9973205194329764,1.005965269141616,1.0045607477688234,0.9992701582976966
E 874,1.0028658225976073,1.0192908258135407,1.0073760532103804,1.0178935671306932,1.0307402498356353
E 875,1.0001339006189636,1.0141743928712383,1.0214789799411261,1.028971173527969,1.0535899226045593
E 876,0.9890066188992224,0.9977927912355067,0.9856505101526757,0.9859758016072375,0.9832009015355005
E 877,1.0048674751935045,1.0160116122684377,1.0143480220415755,1.0261920947781675,1.0450306759407468
E 878,1.0082634609046615,1.015400340343522,1.0091559788750724,1.008607633420812,1.026400346914445
E 879,0.9941468019084031,0.9946490468247023,1.0055165835150122,1.0252843362144552,1.022575423909219
E 880,0.999416651853118,0.9935276713244761,1.0118592528264654,1.0255476404730943,1.0195704707940736
E 881,1.0083935718682469,1.0215917721531562,1.016508428080435,1.035787417154231,1.04001416250777
E 882,1.0093781277760523,1.0290024905858124,1.0426714579661491,1.0477962982034281,1.0311505214540493
E 883,0.9985219392546092,0.9883402896541473,0.9889364391179833,0.9859523321880193,1.0032687512430127
E 884,1.0196550052079185,1.0352303721887601,1.030005101127256,1.0440697840762894,1.0456637132409827
E 885,0.9821528003304005,0.9952181402162675,1.0055347644237684,1.0179625256525722,1.0287578479631987
E 886,1.0146554918465596,1.0295696546531532,1.024331282078334,1.0128178054677606,1.022222758218351
E 887,0.9966289283779458,1.0082933643760175,1.0084374945076153,1.0307774837534116,1.0231447044484445
E 888,1.0131340582422246,1.0252890137432256,1.0206639260465946,1.0242676901648162,1.0220786528506425
E 889,1.0201487662201896,1.0239039594560289,1.0224015676593297,1.0390322178059164,1.0619421861130316
E 890,0.9963934775317254,1.0099720715445888,1.0183920110156794,1.0319739562760986,1.0374905412664155
E 891,1.0090813826766492,1.004772203110957,0.9945121036118784,1.0087722678476208,1.020116502024609
E 892,0.9929195415031703,1.0089874518621271,0.9938336542455143,0.9807910510024785,1.0004784043282704
E 893,0.9976468459975643,1.0129964211393492,1.0168481196810182,1.0175762546316203,1.007774388040572
E 894,1.020778272160906,1.0257550049804878,1.0389962325301567,1.0495272765931922,1.0581912332115495
E 895,1.0055826689009797,1.0184619229574872,1.02739843443996,1.037247014256184,1.035837498658692
E 896,0.9907024822477468,0.9966968583575674,1.0085981132966173,1.0121182889515445,1.02222817710673
E 897,1.0012613271347532,1.0195529853629368,1.038843717078958,1.0505918247951478,1.0638781337921053
E 898,0.9977543659564906,1.0047506456040982,1.005782521717652,1.0015790871829158,1.0210124679814914
E 899,1.0201005804357919,1.0447423429300122,1.0395818103961654,1.045348930150256,1.045713731351361
E 900,1.0056458415592997,1.0254454411871816,1.0374197156060803,1.0450016723567257,1.0513840364698754
E 901,1.019857430757214,1.0164991979327471,1.0195271129571855,1.0384657309538448,1.026774281594719
E 902,1.0197894126516884,1.0025601417536114,1.0221718569209715,1.0348872821013255,1.0400292112355223
E 903,1.0168770624493795,1.0403267681255501,1.029561946545564,1.047711267000443,1.0559764591516194
E 904,0.9982251000657429,0.9974226061163624,1.0094048690395223,1.0092887251006768,1.01397337665073
E 905,0.9947725220447614,1.0026470133256669,1.0187200127609075,1.0068051115344716,1.0102959130004032
E 906,0.9869776510703755,0.9917262601763117,0.9937900146639124,0.988041615799452,0.9852393268171817
E 907,1.0133254510632232,1.0181951071570885,1.023655798868133,1.0263494099957864,1.0243768658556327
E 908,1.0021550996480642,1.0169646627669315,1.0032442363952114,0.999263592502282,0.9977843004889553
E 909,1.0146149429297122,1.0055115062889641,1.0130932440135745,1.0137731406357369,1.0203966857930435
E 910,0.9944175605158255,0.9829049179124589,0.9838485456364755,0.9909877653914627,0.9969523092395784
E 911,1.0010499455936988,1.0211262093662277,1.0348684756811808,1.0453410523119249,1.0602759344796988
E 912,1.008307774614692,1.0194708808616184,1.0198392093593938,1.0369748120095248,1.038502025541217
E 913,1.01952455262595,1.0099714868731273,1.0119379800704476,1.023061429608045,1.0257586132842946
E 914,1.009789468875199,1.0118156227911075,1.0248052079042471,1.0393093633206674,1.0635942273118724
E 915,0.9873702654781484,1.000212621040672,1.017885760432604,1.0073811783386784,1.0215174865110346
E 916,1.0065374010698367,1.0041310975576323,1.0186986688662218,1.0268707896907836,1.0117869046191652
E 917,0.9987496824853587,0.988348254439116,0.9995174080999926,1.0093461013799416,1.02196189820902
E 918,1.0092498651076691,1.0114019964707397,1.0171244625938864,1.0199223612079769,1.0302533690484676
E 919,1.0059781724773487,0.9949285730224462,1.00977451530285,1.030438974356988,1.0433790957643552
E 920,0.9928131720346745,1.0026899047757836,1.0057820713289478,1.0005923658764817,1.0148059532391285
E 921,0.99696913867038,1.0003912066354919,0.9975672415662681,1.013245695373679,1.0244685202561559
E 922,1.010987828827368,1.0099986022014338,1.0316707218456969,1.0209093863241083,1.0232314526388562
E 923,1.0158814458885181,1.0119395499146384,1.0168132659690488,1.0241479392053472,1.012077235867893
E 924,0.9985806255014289,1.004035524101215,1.0111246963873581,1.025657765595758,1.034903405360998
E 925,1.0036657971707241,1.0034755060642817,1.018377285249552,1.026219067373223,1.0454635540950923
E 926,1.002850541487097,1.0085423124740551,1.0031438152003602,1.0163083820342296,1.018120412738964
E 927,1.0062228017995611,1.000422105619801,1.021841378276538,1.0227511875755915,1.0382843057444289
E 928,1.0142963227922395,1.0076337919488205,1.0153649081078482,1.0252120714041637,1.0127101778772938
E 929,1.0139188398786803,1.0155664695558977,0.9961962165072964,1.0174532970489378,1.0307498020974684
E 930,1.0035593939985983,1.0248195400290492,1.0348581016564016,1.035810643733956,1.0291615186695768
E 931,1.0074938506832756,1.0060625667674683,1.0081161185548204,0.9958057505870591,1.0113079546836243
E 932,0.9985709831193924,0.9974186352853157,0.9968369443221244,1.0148102330399211,1.0123017785664146
E 933,1.0135850798412478,1.0283605377557352,1.0306998380296222,1.0302990927912035,1.0195290657449105
E 934,0.9995576330962129,1.0100980567651539,1.021330785063501,1.030099241996396,1.0458704665669294
E 935,1.0013861152334416,1.0029375092774588,1.0166622178973672,1.0284792755821446,1.0310234996644552
E 936,1.0099049571480516,1.020490853448479,1.0183513533318693,1.0403155557576311,1.0502223082978348
E 937,1.0130840369429066,1.0122166376642134,1.0159658692822722,1.0245864498924222,1.0435860607332885
E 938,0.9944553921786228,0.980594607877622,0.969738315437452,0.9768329506360431,0.9866427900610473
E 939,1.0039426873877977,1.0038072561261087,0.9880961718058073,0.9693859822738662,0.9740033995946002
E 940,0.9943898139054043,1.0032692108579644,1.0052512925545396,1.0007609660508991,1.0014489190977673
E 941,0.993879650607725,0.9905377333230277,1.0000457102374547,1.0077798698585547,1.01565552184961
E 942,1.0102362230521038,1.0065227035634676,1.0232829921917903,1.027154004223655,1.0376077164361688
E 943,1.0185353131922925,1.0269155274495365,1.0392017531899322,1.0577970837055057,1.069729820492246
E 944,1.0015344411873237,0.9905955978577905,0.9968322383276078,1.008705932375549,1.0250963609280184
E 945,0.9921350894886032,1.001690253349856,1.0010733164881003,1.0144168500462125,1.010418368106536
E 946,0.9892554468126946,1.0095407084387467,1.0201488286351446,1.0303718320371733,1.051129546510877
E 947,0.9944415003487833,1.001493992947553,1.0024454010271415,1.0085252413082277,1.0238665701309693
E 948,0.9868243828572852,1.0029220601885656,1.0203679051080625,1.0094091671383845,1.017645226573738
E 949,1.0151471638745795,1.0280257348046136,1.0177078898647873,1.0279705661203167,1.0255772138926704
E 950,1.000802583916115,1.0087141788678002,1.0163740476199363,1.0263634367855599,1.0490255240717514
E 951,1.0025410431788404,1.010167579455204,1.0230829301121949,1.0307387705371112,1.0386732793373983
E 952,1.0087685467718617,1.0310206673142952,1.0286663748212428,1.0340781389128433,1.0251065636689982
E 953,1.0013930497950074,1.017615959797414,1.0290360735934105,1.0323990046085725,1.0352380043617495
E 954,1.0180632829492826,1.012263299372217,1.0167719662584092,1.0139103168521804,1.022918145057503
E 955,1.0065501657327012,1.0236332829755774,1.010378438244146,1.007931141063157,1.0126008646190356
E 956,1.0120475229428294,1.0282411772172544,1.0489097751403136,1.0473231266657081,1.0560446350412758
E 957,1.0151434318638615,1.009321145075163,0.9991372927330225,1.0076178578537112,1.0035191814167743
E 958,1.0034206534864782,1.0192998994992368,1.019185108199699,1.027777325850499,1.0309765873065775
E 959,0.9894714251440035,0.9980167500983613,1.011562599287587,1.0229184834717095,1.0171702156510551
E 960,0.9923988888078498,0.9995569191840216,0.9953059846922925,0.9872661941888881,0.9821511969485683
E 961,0.9905356959716448,1.0066067946432153,1.0061299002569803,1.0114688521907724,1.0106651696577744
E 962,1.0055161999505615,1.0032784536744717,1.00338824413685,1.012143169294043,1.0015134044855487
E 963,1.0106032908461196,1.0126490567300537,1.026464575121247,1.0263203525283473,1.0294340050048734
E 964,0.9822638169838525,0.986925515617032,0.9875653424672187,0.9801740602921202,0.9940728131204853
E 965,1.0063849336517328,1.0214428120577366,1.018782360415732,1.0276321605901184,1.0470123126558901
E 966,0.9986288705878048,1.0090114799826877,1.0262307131081996,1.0375032397175714,1.0415568554616454
E 967,1.0105703281999319,1.0158096323069843,1.022874338033729,1.034203985551801,1.043132127786284
E 968,1.0165019571200982,1.019428154729896,1.0212751949818297,1.0309244466812884,1.0407268142978336
E 969,0.9992572780435837,1.0001551346689685,1.0109680594182187,1.0275781696843316,1.0280575753888037
E 970,1.0017640933379708,1.0102039171480173,1.0294843376198324,1.0291245710080372,1.0494561185832856
E 971,0.9892210921567439,1.0013025779534686,1.0121305684772384,0.999710321298355,1.0039218546845676
E 972,0.9916724003211373,1.0059388148300272,1.0079478608432961,1.0052774787282035,1.02569309834211
E 973,1.0058546601936862,1.0047595341436264,0.9929512373256627,0.9962565568453555,1.0113525325731125
E 974,0.9871435730416314,0.9944132248198646,0.9925650432995684,1.0077377104957799,1.0206796603665043
E 975,1.0034684597783878,1.0124723165118816,1.0309660031952745,1.0310508975798551,1.0182950040619465
E 976,1.005051106556476,0.9949625664192578,1.000817865209114,1.0206872524856245,1.017967652038403
E 977,1.0080465210746647,1.0088111732101288,1.0157632416602687,1.018741468002278,1.0061451262302525
E 978,1.0141850985660634,1.0350094166168051,1.0603427783178234,1.0731391548161813,1.0679983560048731
E 979,0.9970251270653236,1.0044840594626734,1.0158593949397057,1.006870140709674,0.9989902816181704
E 980,1.0035839527744426,1.0171635267612018,1.0387310690324545,1.0403939171184668,1.0542907141141455
E 981,1.0178993449209075,1.0223031242237464,1.0391957925766573,1.0474762009369987,1.040854043641241
E 982,1.0112435287437656,1.026550631822445,1.0437659195542834,1.0395719198968059,1.052922623751978
E 983,1.0028874124753917,1.0026904244700259,0.9908719704086768,0.9925767037517721,1.00935551020489
E 984,1.0015703838780385,0.9986658915242785,0.9985967689291504,0.9856635394475521,1.0063720628408654
E 985,0.9900336038477805,0.9989649224052485,1.0058142200303963,1.0258741572979158,1.034115579984094
E 986,1.0172336749126787,1.0103838440063737,1.0117136780141565,1.0138309902236404,1.024308060290293
E 987,0.9982796033458409,0.9957545518804584,1.008305203961201,1.0245886988840658,1.0285468165764797
E 988,1.0083939856114845,1.0250548658030032,1.0298722742380986,1.0354581579829383,1.0567746770940882
E 989,1.0030686868762289,1.0090945148629982,1.0034454947514906,0.990313192525624,0.9862532039143679
E 990,1.0106037785680815,1.0065685312231234,1.0153768860491545,1.0239627629727766,1.0266504418378477
E 991,1.0147273177805085,1.0184708156858446,1.0283628308657236,1.0441063554398422,1.050503885219132
E 992,1.0232654615731278,1.0171357681705497,1.0130467126392102,1.0232215352720766,1.009874116096805
E 993,0.9980015627881977,1.0077949212499968,1.006496977961056,0.9910078345246365,0.9987667199682787
E 994,0.9866549359680672,0.9888161595460716,0.9952785507762067,0.985380948919341,0.9993606599768095
E 995,0.9999298860255869,1.0036969416788362,1.013339953353179,0.9956972168549908,1.0144363081808552
E 996,1.0051512775372504,1.0053266229618112,1.021058324713143,1.0328259663457338,1.037529655336438
E 997,0.9902863622243809,1.0120025910914792,1.0191474311484776,1.0264996280298697,1.0422853269914174
E 998,1.0101631190759517,1.010797388593308,0.9996843290331326,0.9958694783387487,1.013517079041566
E 999,1.0106392641850506,1.0003275825765954,1.013516647718045,1.0127746453495081,1.0212299435392012
E 1000,1.0153342513724621,1.0365806726505702,1.0334000678285178,1.0490321223587797,1.0646148851127581
