profile,priority,payment_method,day_type,n_obs,fit_type,fit_kernel,fit_bandwidth,fit_distribution,fit_params,fit_kl,fit_hellinger,fit_error,fit_metric_delta,kde_support,kde_probs
deal_hunter,no_priority,ALL,ALL,237136,parametric,,,nbinom,"{""n"": 2.5137135763451393, ""p"": 0.14350145492627311}",0.00946408891070116,0.06514226419824082,,0.08284256704161888,,
deal_hunter,pregnant,ALL,ALL,5900,parametric,,,nbinom,"{""n"": 2.619451126880715, ""p"": 0.1505244565398083}",0.01663056463427461,0.07859111912407175,,0.019175716155757496,,
deal_hunter,reduced_mobility,ALL,ALL,2184,parametric,,,nbinom,"{""n"": 2.4860336624931416, ""p"": 0.14844630660407584}",0.023946887429522758,0.0923236248886334,,0.08269537646625236,,
deal_hunter,senior,ALL,ALL,11316,parametric,,,nbinom,"{""n"": 2.6025826092695636, ""p"": 0.16324401865631774}",0.014936073170632846,0.07734309248787426,,0.02347911775477766,,
express_basket,no_priority,ALL,ALL,371914,parametric,,,nbinom,"{""n"": 3.0498195681111993, ""p"": 0.27610604876456923}",0.024432827837950328,0.10472743122891795,,0.028721440006587242,,
express_basket,pregnant,ALL,ALL,9378,parametric,,,nbinom,"{""n"": 3.042995241986746, ""p"": 0.2752240083436425}",0.025976107402060345,0.10679167454438379,,0.11999093585423852,,
express_basket,reduced_mobility,ALL,ALL,3684,parametric,,,nbinom,"{""n"": 3.0129205820068643, ""p"": 0.2846226328805793}",0.03600736478182805,0.12186073185732195,,0.11767679294730075,,
express_basket,senior,ALL,ALL,19206,parametric,,,nbinom,"{""n"": 3.111416121800075, ""p"": 0.3010655595097759}",0.03130184513045078,0.11694660474483294,,0.1221135926249648,,
family_cart,no_priority,ALL,ALL,196100,parametric,,,nbinom,"{""n"": 6.009512903102397, ""p"": 0.0698829943943532}",0.000926483516174967,0.015546036135535792,,0.001129915106933519,,
family_cart,pregnant,ALL,ALL,4807,kde,exponential,0.08,,,0.01711673838459662,0.06531892925998341,,-0.00911260096410519,"[0, 1, 2, 3, 4, 5, 6, 7, 8, 9, 10, 11, 12, 13, 14, 15, 16, 17, 18, 19, 20, 21, 22, 23, 24, 25, 26, 27, 28, 29, 30, 31, 32, 33, 34, 35, 36, 37, 38, 39, 40, 41, 42, 43, 44, 45, 46, 47, 48, 49, 50, 51, 52, 53, 54, 55, 56, 57, 58, 59, 60, 61, 62, 63, 64, 65, 66, 67, 68, 69, 70, 71, 72, 73, 74, 75, 76, 77, 78, 79, 80, 81, 82, 83, 84, 85, 86, 87, 88, 89, 90, 91, 92, 93, 94, 95, 96, 97, 98, 99, 100, 101, 102, 103, 104, 105, 106, 107, 108, 109, 110, 111, 112, 113, 114, 115, 116, 117, 118, 119, 120, 121, 122, 123, 124, 125, 126, 127, 128, 129, 130, 131, 132, 133, 134, 135, 136, 137, 138, 139, 140, 141, 142, 143, 144, 145, 146, 147, 148, 149, 150, 151, 152, 153, 154, 155, 156, 157, 158, 159, 160, 161, 162, 163, 164, 165, 166, 167, 168, 169, 170, 171, 172, 173, 174, 175, 176, 177, 178, 179, 180, 181, 182, 183, 184, 185, 186, 187, 188, 189, 190, 191, 192, 193, 194, 195, 196, 197, 198, 199, 200, 201, 202, 203, 204, 205, 206, 207, 208, 209, 210, 211, 212, 213, 214, 215, 216, 217, 218, 219, 220, 221, 222, 223, 224, 225, 226, 227, 228, 229, 230, 231, 232, 233, 234, 235, 236, 237, 238, 239, 240, 241, 242, 243, 244, 245, 246, 247, 248, 249, 250, 251, 252, 253, 254, 255, 256, 257, 258, 259, 260, 261, 262, 263, 264, 265, 266, 267, 268, 269, 270, 271, 272, 273, 274, 275, 276, 277, 278, 279, 280, 281, 282, 283, 284, 285, 286, 287, 288, 289, 290, 291, 292, 293, 294, 295, 296, 297, 298, 299, 300, 301, 302, 303, 304, 305, 306, 307, 308, 309, 310, 311, 312, 313, 314, 315, 316, 317, 318, 319, 320, 321, 322, 323, 324, 325, 326, 327, 328, 329, 330, 331, 332, 333, 334, 335, 336, 337, 338, 339, 340, 341, 342, 343]","[1.6694935706763244e-15, 4.835369881487663e-12, 5.122467128661888e-10, 1.4004727122928812e-08, 1.8228032773590043e-07, 1.4836249571653746e-06, 8.733980361391748e-06, 4.05620224708415e-05, 0.0001571714317748417, 7.919202938133104e-05, 0.00014270092875164124, 0.0003650346333533727, 0.00044127058844120734, 0.000493848019124554, 0.0007409856076223282, 0.0011379536511435975, 0.0013608200847510482, 0.0013495823303036787, 0.0011636369685454869, 0.0012181124835898788, 0.0013972870997898544, 0.0016609633898092074, 0.002005569451537596, 0.002329975106721725, 0.0026662719088989717, 0.0028376773216913474, 0.003194204876022647, 0.003601483058660981, 0.004127764810885667, 0.004393561476400466, 0.004766207871849796, 0.005154890928572065, 0.00573739111054979, 0.0060701323401610215, 0.006368307838479534, 0.006776465770499545, 0.007180081219647212, 0.007531039835373571, 0.007762507108863458, 0.007912049061851603, 0.008201796772420496, 0.00847127113845301, 0.008637790499417878, 0.008863705699103148, 0.009028906001711188, 0.009261871123672718, 0.009526986995248085, 0.009723960949515931, 0.010010283950518967, 0.010209828647778819, 0.010393796002802663, 0.010598717179709515, 0.010881007908636933, 0.011169447472959606, 0.011401998548127167, 0.0115110565442197, 0.011654522580050754, 0.011689307018217066, 0.011824669366359904, 0.01194852161884029, 0.011969770458554864, 0.011983026177379454, 0.0120308808242489, 0.012088446568093469, 0.012126034829005376, 0.012123902392678403, 0.012019146754169594, 0.011893841440312723, 0.01180056433843848, 0.01166722933696887, 0.011525109840487342, 0.011414881572416716, 0.011343525753821436, 0.011306461713701303, 0.01128296467091885, 0.011260205682121018, 0.011160254743728679, 0.01105545301073376, 0.010995982899215896, 0.010941835539103403, 0.010886445609329994, 0.010814042173505631, 0.010747777076020029, 0.010653417879474684, 0.010526083764439899, 0.01039598279029012, 0.010308145765670748, 0.010203600380614984, 0.010097761615207144, 0.0099725705624278, 0.00980704646608725, 0.009627383856890052, 0.00946136577805693, 0.009275833195383503, 0.00911930787059278, 0.008952269366079922, 0.008762131069553822, 0.008567423614748292, 0.00835534632508979, 0.008146357881809167, 0.007933972722248614, 0.00772463971870903, 0.007518267329655865, 0.007326873899470422, 0.007153012188161516, 0.0069818836992472525, 0.006819619977976979, 0.006688846008882548, 0.00655076844358752, 0.0064147491117936975, 0.006268423930020961, 0.006152043713816332, 0.006045030688487878, 0.005928162696608012, 0.005783263872041192, 0.005636526672412103, 0.00548638965866771, 0.0053266666187078105, 0.005160633950944608, 0.004998101366417152, 0.0048327773468284175, 0.004671831026335939, 0.004522070685133229, 0.004379440572206194, 0.0042464302917344775, 0.004109071624093629, 0.003982384638598267, 0.0038409230232639225, 0.0036976527098897863, 0.0035744657475880112, 0.0034600170653952614, 0.003349236656102101, 0.0032465511847502558, 0.0031489733612478314, 0.003042994249696088, 0.0029386037779715736, 0.0028331599810742, 0.002729272444314674, 0.0026294324958925958, 0.0025310574609220867, 0.002439886745830525, 0.002353363329729632, 0.0022674965251100834, 0.0021800616319006274, 0.0020951193710655185, 0.002016554849576011, 0.0019435967789212154, 0.0018755478428211182, 0.0018147064831005406, 0.0017618664122854232, 0.0017149834578659119, 0.0016636975679675747, 0.001616153981188945, 0.0015705541331918827, 0.0015224843966363346, 0.0014703852898198767, 0.0014153808957192416, 0.0013546205940235105, 0.0013020668424508362, 0.001254610429880815, 0.0012093052361964217, 0.001168299520535868, 0.0011251072516164885, 0.0010783405147937709, 0.0010338159145288827, 0.0009923993226739433, 0.0009526055734741639, 0.0009118674881484516, 0.0008722715006365992, 0.0008335749144365791, 0.0007966611550327917, 0.0007623868826708727, 0.0007315873974374729, 0.0007018607153101353, 0.0006740894587555689, 0.000647032112669518, 0.000620536709800972, 0.0005954856472326998, 0.0005717193772952617, 0.0005480872686786864, 0.0005274515313168204, 0.0005086539886504742, 0.0004915589458817015, 0.0004731636592973747, 0.00045437052258402255, 0.00043604652178454075, 0.00041902840991175883, 0.0004022887259157619, 0.00038665823229900746, 0.00037294184503366946, 0.00036103228294420394, 0.0003464264462011385, 0.00033087851297033743, 0.00031693939512569076, 0.000301948789759423, 0.0002884109515983567, 0.00027623591803492255, 0.00026451333847254006, 0.0002540070584200536, 0.0002446467078303416, 0.0002355644578310829, 0.0002275155995535921, 0.00021965669067631146, 0.00021117370640453203, 0.00020359688827820946, 0.00019687708243667322, 0.0001894536195546659, 0.0001828186986475686, 0.00017693035027904045, 0.00017175049396533852, 0.00016578557314654886, 0.00015975642806382348, 0.000154360155830614, 0.00014956404661809443, 0.00014533836529863936, 0.0001402639409837482, 0.00013503348753860902, 0.00012963377035749802, 0.0001247285805706212, 0.00012029125702584816, 0.00011629739170389908, 0.00011272466953802923, 0.00010955272158630621, 0.00010546861782692455, 0.00010176310813268306, 9.778101424799282e-05, 9.414677581761928e-05, 9.021748433007307e-05, 8.660731063020495e-05, 8.268512184926524e-05, 7.905492456828531e-05, 7.509690354422907e-05, 7.1405019303224e-05, 6.796331806374402e-05, 6.475698701543519e-05, 6.177227377677668e-05, 5.8996412036203065e-05, 5.641755288481798e-05, 5.402470139012897e-05, 5.180765799758053e-05, 4.9756964381101644e-05, 4.7863853395152206e-05, 4.6120202809323716e-05, 4.4518492532746165e-05, 4.305176505948053e-05, 4.171358888795493e-05, 4.049802468747112e-05, 3.939959400325189e-05, 3.841325030823321e-05, 3.753435222509976e-05, 3.675863875642933e-05, 3.5571032575987754e-05, 3.4483948693839925e-05, 3.3492844673187105e-05, 3.259351988478161e-05, 3.178209457267219e-05, 3.105499044642802e-05, 3.0408912688681333e-05, 2.9840833275405476e-05, 2.9347975514354227e-05, 2.89277997142611e-05, 2.857798990422607e-05, 2.8296441528753722e-05, 2.7149849264169684e-05, 2.607636228776149e-05, 2.5072296639351286e-05, 2.413420810684198e-05, 2.3258877494232394e-05, 2.244329689553384e-05, 2.1684656904018023e-05, 2.0980334691395935e-05, 2.032788289643528e-05, 1.9725019266878408e-05, 1.9169617002718464e-05, 1.86596957526101e-05, 1.7767376979927842e-05, 1.6920727935840844e-05, 1.6117258819023574e-05, 1.535462381499016e-05, 1.4630612295541377e-05, 1.394314058485573e-05, 1.3290244253902895e-05, 1.2670070907571932e-05, 1.2080873431418789e-05, 1.1521003667271356e-05, 1.098890648908206e-05, 1.0483114252420361e-05, 1.0002241592851683e-05, 9.54498055016377e-06, 9.110095997000196e-06, 8.696421351934449e-06, 8.30285455839378e-06, 7.928354312111635e-06, 7.5719365209740335e-06, 7.232670982217954e-06, 6.9096782629658135e-06, 6.602126771019302e-06, 6.309230003726746e-06, 6.030243963546464e-06, 5.764464729697295e-06, 5.511226175990769e-06, 5.269897825600796e-06, 5.039882834137142e-06, 4.820616092960648e-06, 4.611562445209263e-06, 4.412215007496677e-06, 4.222093590707624e-06, 4.040743213741827e-06, 3.867732704458228e-06, 3.702653382444418e-06, 3.5451178185821177e-06, 3.394758666705101e-06, 3.251227562946712e-06, 3.1141940886558533e-06, 2.9833447930243336e-06, 2.85838227181265e-06, 2.7390242987910002e-06, 2.6250030067253846e-06, 2.516064114940177e-06, 2.4119662006725846e-06, 2.31248001161078e-06, 2.217387817169775e-06, 2.12648279621063e-06, 2.0395684590520578e-06, 1.956458101756069e-06, 1.8769742907937056e-06, 1.8009483763135889e-06, 1.7282200323449303e-06, 1.6586368223687505e-06, 1.5920537887862031e-06, 1.5283330649027926e-06, 1.4673435081305394e-06, 1.4089603531886616e-06, 1.3530648841571476e-06, 1.299544124305704e-06, 1.2482905426858313e-06, 1.1992017765338355e-06, 1.1521803685891534e-06, 1.1071335184859424e-06, 1.0639728474253153e-06, 1.0226141753828032e-06, 9.829773101489626e-07, 9.449858475428565e-07, 9.085669821763175e-07]"
family_cart,reduced_mobility,ALL,ALL,2000,kde,exponential,0.08,,,0.038478061691439545,0.09852023354641852,,-0.023895434823029714,"[0, 1, 2, 3, 4, 5, 6, 7, 8, 9, 10, 11, 12, 13, 14, 15, 16, 17, 18, 19, 20, 21, 22, 23, 24, 25, 26, 27, 28, 29, 30, 31, 32, 33, 34, 35, 36, 37, 38, 39, 40, 41, 42, 43, 44, 45, 46, 47, 48, 49, 50, 51, 52, 53, 54, 55, 56, 57, 58, 59, 60, 61, 62, 63, 64, 65, 66, 67, 68, 69, 70, 71, 72, 73, 74, 75, 76, 77, 78, 79, 80, 81, 82, 83, 84, 85, 86, 87, 88, 89, 90, 91, 92, 93, 94, 95, 96, 97, 98, 99, 100, 101, 102, 103, 104, 105, 106, 107, 108, 109, 110, 111, 112, 113, 114, 115, 116, 117, 118, 119, 120, 121, 122, 123, 124, 125, 126, 127, 128, 129, 130, 131, 132, 133, 134, 135, 136, 137, 138, 139, 140, 141, 142, 143, 144, 145, 146, 147, 148, 149, 150, 151, 152, 153, 154, 155, 156, 157, 158, 159, 160, 161, 162, 163, 164, 165, 166, 167, 168, 169, 170, 171, 172, 173, 174, 175, 176, 177, 178, 179, 180, 181, 182, 183, 184, 185, 186, 187, 188, 189, 190, 191, 192, 193, 194, 195, 196, 197, 198, 199, 200, 201, 202, 203, 204, 205, 206, 207, 208, 209, 210, 211, 212, 213, 214, 215, 216, 217, 218, 219, 220, 221, 222, 223, 224, 225, 226, 227, 228, 229, 230, 231, 232, 233, 234, 235, 236, 237, 238, 239, 240, 241, 242, 243, 244, 245, 246, 247, 248, 249, 250, 251, 252, 253, 254, 255, 256, 257, 258, 259, 260, 261, 262, 263, 264, 265, 266, 267, 268, 269, 270, 271, 272, 273, 274, 275, 276, 277, 278, 279, 280, 281, 282, 283, 284, 285, 286, 287, 288, 289, 290, 291, 292, 293, 294, 295, 296, 297, 298, 299, 300, 301, 302, 303, 304, 305, 306]","[9.27313997713315e-11, 2.685788225832608e-07, 2.8452553245282602e-05, 0.0007778873619732855, 3.8658972258454134e-05, 6.604653807350318e-06, 2.0077105840819054e-05, 9.141703918411798e-05, 0.0003539801172500972, 0.00011109057453641601, 0.00010597691459649462, 0.0002327411263748291, 0.0005688584885171121, 0.0008559212389029647, 0.0005194575267172967, 0.00059034292135587, 0.0009902619435004413, 0.0015616295757634952, 0.0020405017068201464, 0.002218480475162196, 0.002618477455632107, 0.0024550922680997194, 0.002435503527804898, 0.002670645982992711, 0.0027730935336307654, 0.0030373734678826934, 0.003717587182753794, 0.004041409771963992, 0.004422540998108736, 0.004556598824914416, 0.004843967196468235, 0.005463993140767199, 0.006233507471048586, 0.0063966225259345115, 0.006521121165937255, 0.00668990052303089, 0.007151624137098329, 0.007751564714978107, 0.00827031300320009, 0.008668500850032578, 0.008807379350738111, 0.009047104734366934, 0.009266929281101, 0.009610545900845237, 0.01001216713609915, 0.010306988213537548, 0.010419014227944709, 0.0108234257801379, 0.01095432678393538, 0.011101105793153095, 0.011210059648892866, 0.011496466908795836, 0.011846759466682552, 0.012029201537457438, 0.012042106522632294, 0.012077851652630766, 0.012136240395155033, 0.012100555129994136, 0.01190904596851182, 0.011939573308316869, 0.01217546242394937, 0.012342802012342037, 0.012533068246544968, 0.012790218053916504, 0.012950542352364341, 0.013027006422698129, 0.01294065676146783, 0.012870948711144534, 0.01279792388447054, 0.012767784874452877, 0.01271416617024925, 0.012697869577879325, 0.01277500250779391, 0.012754683646460988, 0.012684775640854504, 0.012539435122679575, 0.012359561697711161, 0.012220369585595197, 0.012078112418233287, 0.011855897342865714, 0.0116133181408706, 0.011404507705703929, 0.01116579471967221, 0.010882631977870042, 0.010627695372992971, 0.010404697114045828, 0.010207307797115707, 0.00998963800715299, 0.009768427973339017, 0.009539692123981813, 0.009337513167790908, 0.009110457754724355, 0.008928392068356187, 0.008776913025041867, 0.008573647578436084, 0.008351930254214388, 0.008134097434151145, 0.00794913373244471, 0.007832495838490617, 0.007692789827663764, 0.007513687558654113, 0.007354730143190254, 0.007242199501528606, 0.007114337099579981, 0.006998518027422433, 0.006822881804543869, 0.0066083805181340214, 0.006441281368762076, 0.006264539837548799, 0.006069884265426044, 0.005855698477063824, 0.005651445103311457, 0.005448109053290983, 0.005237232747923036, 0.005040378874645875, 0.00486634354147096, 0.0047007782559651224, 0.0045583703094282495, 0.004408983440080237, 0.004251319721579693, 0.004100105294899624, 0.003958780743824887, 0.0038203466904988773, 0.0036833104964501154, 0.003536262009473868, 0.003422524727319556, 0.0033154691549516085, 0.003209062979144173, 0.0031070034740405617, 0.0030220842264174963, 0.0029392276083238435, 0.002835188893810198, 0.002727542385744947, 0.002637278374712119, 0.00253725922226906, 0.0024608311517536475, 0.002364862281666279, 0.0022739161321583207, 0.0021870936093067108, 0.00211553591087572, 0.0020306331161118415, 0.0019554666870001012, 0.001881492136598802, 0.0018081230870597186, 0.0017348054499422582, 0.001661011801355102, 0.0015862363337096547, 0.0015135578293727912, 0.0014388863774726047, 0.001368726365945547, 0.0013024590400881947, 0.0012395187814530136, 0.0011860616858018946, 0.001134848748365341, 0.0010919857255361075, 0.0010537273128503055, 0.0010101829683504947, 0.0009706398285603215, 0.0009378235445452565, 0.0009113292108573988, 0.0008847788689383444, 0.0008580196927865483, 0.0008279646038500652, 0.0008003503817311937, 0.000772079923340631, 0.0007430161747349701, 0.0007130235744297916, 0.000679200488385746, 0.0006469469300442153, 0.0006160465021294552, 0.000586298429184443, 0.0005601551153264258, 0.000534770663329163, 0.0005099953185042983, 0.00048313880480657645, 0.0004566479761288147, 0.00043038341039968787, 0.0004066761800284419, 0.0003853422037349418, 0.00036380589325039496, 0.0003443552383447702, 0.0003268435448352038, 0.0003111382384902661, 0.00029481404050394125, 0.0002778147609501214, 0.0002623395965989304, 0.00024828041302297956, 0.00023553898878756228, 0.0002240261614082958, 0.0002136610551557583, 0.00020437038266904684, 0.00019608781317212754, 0.0001887534008295126, 0.00018231306744036127, 0.00017466581572954848, 0.00016784329008477067, 0.00016179781398545972, 0.00015449583201843737, 0.00014791110777338633, 0.00014004986513701105, 0.0001328454040156864, 0.00012625458474359078, 0.00012023794357152007, 0.00011475939866470902, 0.00010978598228033511, 0.00010528759673509554, 0.00010123679200336631, 9.760856299318195e-05, 9.259405670067355e-05, 8.79778880953599e-05, 8.37348311269355e-05, 7.98417127299556e-05, 7.627725504146211e-05, 7.30219310824186e-05, 7.005783272358487e-05, 6.736854986531869e-05, 6.49390598593294e-05, 6.275562628933604e-05, 6.080570630806826e-05, 5.907786580101382e-05, 5.756170171320381e-05, 5.624777093515952e-05, 5.512752519827829e-05, 5.419325147903641e-05, 5.3438017456039156e-05, 5.2855621604223004e-05, 5.244054754743882e-05, 5.2187922323844815e-05, 5.060619151865513e-05, 4.919393267778758e-05, 4.794345320006641e-05, 4.6847734806114115e-05, 4.59003895341814e-05, 4.5095619297402606e-05, 4.4428178719693506e-05, 4.389334099150014e-05, 4.3486866508530344e-05, 4.320497407662731e-05, 4.3044314484146464e-05, 4.3001946259877784e-05, 4.307531344976003e-05, 4.326222525952412e-05, 4.091962089146853e-05, 3.87127158132461e-05, 3.6633140877535894e-05, 3.4673074211720514e-05, 3.2825203412049904e-05, 3.108269048778283e-05, 2.943913934527345e-05, 2.7888565618802407e-05, 2.642536867031565e-05, 2.504430559435589e-05, 2.3740467077414113e-05, 2.2509254972796116e-05, 2.1346361463000572e-05, 2.0247749691602317e-05, 1.9209635755825523e-05, 1.8228471959426143e-05, 1.7300931233261666e-05, 1.6423892638055088e-05, 1.5594427870412332e-05, 1.4809788699188261e-05, 1.406739526484053e-05, 1.3364825179524096e-05, 1.2699803370374619e-05, 1.207019261276992e-05, 1.1473984704341711e-05, 1.0909292234193463e-05, 1.0374340905168933e-05, 9.867462370144329e-06, 9.387087546200487e-06, 8.931740373195094e-06, 8.500031985711419e-06, 8.090655269627525e-06, 7.702379776648785e-06, 7.334046972076104e-06, 6.984565792878284e-06, 6.65290849478594e-06, 6.338106768653305e-06, 6.039248107751348e-06, 5.755472408961481e-06, 5.485968792050908e-06, 5.2299726223315515e-06, 4.986762723041517e-06, 4.755658764750926e-06, 4.536018819982605e-06, 4.327237072064554e-06, 4.128741667996303e-06, 3.9399927058192245e-06, 3.760480347639663e-06, 3.5897230500657663e-06, 3.4272659043802977e-06, 3.2726790793025026e-06, 3.125556359677659e-06, 2.985513774885653e-06, 2.852188311182711e-06, 2.7252367025791377e-06, 2.604334295222121e-06, 2.4891739805877573e-06, 2.379465193103012e-06, 2.27493296810872e-06, 2.1753170563478965e-06, 2.0803710914155407e-06, 1.9898618068419545e-06, 1.9035682997010466e-06, 1.8212813378382456e-06, 1.742802708004266e-06]"
family_cart,senior,ALL,ALL,10327,kde,exponential,0.08,,,0.009056492397656999,0.04798903787321565,,-0.002232271390001834,"[0, 1, 2, 3, 4, 5, 6, 7, 8, 9, 10, 11, 12, 13, 14, 15, 16, 17, 18, 19, 20, 21, 22, 23, 24, 25, 26, 27, 28, 29, 30, 31, 32, 33, 34, 35, 36, 37, 38, 39, 40, 41, 42, 43, 44, 45, 46, 47, 48, 49, 50, 51, 52, 53, 54, 55, 56, 57, 58, 59, 60, 61, 62, 63, 64, 65, 66, 67, 68, 69, 70, 71, 72, 73, 74, 75, 76, 77, 78, 79, 80, 81, 82, 83, 84, 85, 86, 87, 88, 89, 90, 91, 92, 93, 94, 95, 96, 97, 98, 99, 100, 101, 102, 103, 104, 105, 106, 107, 108, 109, 110, 111, 112, 113, 114, 115, 116, 117, 118, 119, 120, 121, 122, 123, 124, 125, 126, 127, 128, 129, 130, 131, 132, 133, 134, 135, 136, 137, 138, 139, 140, 141, 142, 143, 144, 145, 146, 147, 148, 149, 150, 151, 152, 153, 154, 155, 156, 157, 158, 159, 160, 161, 162, 163, 164, 165, 166, 167, 168, 169, 170, 171, 172, 173, 174, 175, 176, 177, 178, 179, 180, 181, 182, 183, 184, 185, 186, 187, 188, 189, 190, 191, 192, 193, 194, 195, 196, 197, 198, 199, 200, 201, 202, 203, 204, 205, 206, 207, 208, 209, 210, 211, 212, 213, 214, 215, 216, 217, 218, 219, 220, 221, 222, 223, 224, 225, 226, 227, 228, 229, 230, 231, 232, 233, 234, 235, 236, 237, 238, 239, 240, 241, 242, 243, 244, 245, 246, 247, 248, 249, 250, 251, 252, 253, 254, 255, 256, 257, 258, 259, 260, 261, 262, 263, 264, 265, 266, 267, 268, 269, 270, 271, 272, 273, 274, 275, 276, 277, 278, 279, 280, 281, 282, 283, 284, 285, 286, 287, 288, 289, 290, 291, 292, 293, 294]","[7.474916531878974e-15, 2.16496708341227e-11, 2.29351073262721e-09, 6.270414461860278e-08, 8.161338618849975e-07, 6.642716638264673e-06, 3.910513663493197e-05, 0.00018161060195675041, 0.00015088586986389987, 0.00020239980398779545, 0.0002144657822595196, 0.00048744235583676076, 0.0007611073404883217, 0.0010004081507515752, 0.001243214150768563, 0.0012448176066387005, 0.0014360841558039596, 0.0015518057886941088, 0.0018053422076297451, 0.0020603337622561446, 0.0025230668385500155, 0.002998460163479682, 0.003353334235518657, 0.00368439233163635, 0.004313053244422652, 0.004693000678544213, 0.005128254801041273, 0.005596611501915142, 0.005974263466419423, 0.00632560476970058, 0.0067131394150920344, 0.007283447105881788, 0.007703309352528919, 0.008011471597941407, 0.008314621803366702, 0.008782853726918229, 0.009163689786449667, 0.009542338527500388, 0.009937842048333903, 0.010338499788696224, 0.01088245399656432, 0.01132037944859469, 0.011609558302224725, 0.01192575986590493, 0.012084753110485832, 0.012246465175226364, 0.012401253498600811, 0.012533710865738894, 0.012680444638202924, 0.012855444455447364, 0.013048808695076929, 0.013292702917038672, 0.01353585880770623, 0.013738737420481862, 0.013793784044324835, 0.013819483152212847, 0.013814985566749729, 0.013810059518276257, 0.013795814135107522, 0.013759736584996294, 0.013661076273847255, 0.013560591241975395, 0.01351234097756674, 0.01331658759966676, 0.01307145772193324, 0.012929758364437011, 0.012811037433964945, 0.012729511222790068, 0.012673506372615634, 0.012599034482238886, 0.012499093416485299, 0.012384260433010039, 0.012226523456393915, 0.012035480100829853, 0.011854168688239618, 0.01168770034869469, 0.011551371456445865, 0.011392305084296797, 0.01119095889103932, 0.011014088050389002, 0.01080969366432534, 0.010601933449155545, 0.010412884837036698, 0.01025027466397523, 0.010050195932671953, 0.009827110317130443, 0.009591873007642422, 0.009362104536509295, 0.0091292224416165, 0.008875866360088932, 0.008653500475706738, 0.008431308855569312, 0.008193057577801834, 0.007956088467536638, 0.007717997021428675, 0.007458412632868765, 0.007237131095527168, 0.007009176176950998, 0.00680538864505909, 0.006622968013397333, 0.006438790922392925, 0.006237108809571922, 0.0060315850054785255, 0.005832116852520965, 0.005632897712874083, 0.005459548484631898, 0.005293982109179008, 0.00512976881520543, 0.004981322794827496, 0.004839790646910141, 0.004695723264127151, 0.004566811288374325, 0.004428290214848544, 0.004291776679186405, 0.004156750950732944, 0.004010352184503024, 0.0038680315758158426, 0.0037313186722462326, 0.0036081321592951903, 0.003489239206502086, 0.0033639091831998806, 0.0032362050424081805, 0.003118948667639077, 0.0029977494378883277, 0.002879332283711232, 0.002768170486803777, 0.0026666820305742208, 0.0025707715881453557, 0.002470243824565803, 0.002376012779002578, 0.0022799420198169025, 0.0021812577637165048, 0.002083483851854548, 0.0019916554966202243, 0.0019081058917010745, 0.0018285685010151146, 0.0017506371094987122, 0.0016744230729432293, 0.001602395282696603, 0.0015346155352566385, 0.0014673682303980515, 0.0013993744989753674, 0.001334591938800433, 0.0012717024977543787, 0.0012116234060192972, 0.0011566673953550394, 0.0011041721266935312, 0.0010550700566005083, 0.0010075471434753149, 0.0009605559415862268, 0.0009157543165897645, 0.0008747384699980648, 0.0008358253290515146, 0.0007999718335991533, 0.0007649631731645834, 0.0007324170557111895, 0.00070205374949727, 0.0006736187280256149, 0.0006432907143395698, 0.000613901118230344, 0.0005864144944516463, 0.0005600362363786773, 0.000536288203780183, 0.0005132692093198276, 0.0004902727464004768, 0.00046826801995670766, 0.00044818919561221223, 0.00042879925561830663, 0.00041050355232919475, 0.00039265026467051606, 0.0003751332642527862, 0.00035887434996176266, 0.0003437543715845802, 0.0003286659386482051, 0.000315013625868824, 0.00030171359049287975, 0.00028869109456785717, 0.0002763526492619202, 0.0002646204316001636, 0.0002538888594288951, 0.00024408040139809817, 0.00023421208849831054, 0.00022469182197542992, 0.00021457450761303907, 0.0002055972544001218, 0.00019550592373941168, 0.00018601463121364773, 0.00017621140943434625, 0.00016690860150050512, 0.0001584723196334298, 0.00015043048851956048, 0.00014273957497032847, 0.00013535900435103731, 0.0001282508730487338, 0.000121379686204008, 0.00011510540256837693, 0.00010899896385299948, 0.00010341773405262172, 9.832705936201466e-05, 9.369530117939866e-05, 8.949359225317225e-05, 8.532538996455407e-05, 8.154101075447358e-05, 7.811720647647245e-05, 7.50327841809138e-05, 7.226844693304567e-05, 6.980664881399876e-05, 6.728232676236334e-05, 6.434235158526572e-05, 6.132890653353062e-05, 5.823339315670535e-05, 5.538328787940871e-05, 5.243035646523599e-05, 4.9696948338372586e-05, 4.7168953846525534e-05, 4.483336755021806e-05, 4.267820399890443e-05, 4.0692420533485506e-05, 3.886584650997934e-05, 3.71891183933286e-05, 3.534441620112761e-05, 3.363621492950899e-05, 3.205622383963565e-05, 3.0596786813329865e-05, 2.9250835923952294e-05, 2.8011848757874405e-05, 2.6580760516121144e-05, 2.524804529061953e-05, 2.400768528582113e-05, 2.2854102412033574e-05, 2.1782126601528485e-05, 2.0786966608313672e-05, 1.9864183090167845e-05, 1.900966378823621e-05, 1.7946194496272983e-05, 1.6946361665448146e-05, 1.6006111567910782e-05, 1.5121664233696127e-05, 1.428949392301259e-05, 1.3506311065074038e-05, 1.27690455478574e-05, 1.2074831252709513e-05, 1.1420991736446899e-05, 1.0805026971564228e-05, 1.022460106246159e-05, 9.677530862262604e-06, 9.161775420905257e-06, 8.675426200772185e-06, 8.216698001241342e-06, 7.783920538230434e-06, 7.375530629101389e-06, 6.990064937229914e-06, 6.626153234158425e-06, 6.2825121405630075e-06, 5.957939310307098e-06, 5.651308024646311e-06, 5.3615621662121545e-06, 5.087711544758456e-06, 4.828827548818266e-06, 4.584039099409933e-06, 4.3525288837593965e-06, 4.133529848689867e-06, 3.926321934878374e-06, 3.7302290346055527e-06, 3.5446161569350126e-06, 3.368886785471533e-06, 3.2024804149574104e-06, 3.044870253995684e-06, 2.895561082134208e-06, 2.7540872504177657e-06, 2.620010815320498e-06, 2.4929197967134827e-06, 2.3724265512094914e-06, 2.2581662528580607e-06, 2.1497954737509694e-06, 2.0469908576367488e-06, 1.9494478801431714e-06, 1.8568796896682174e-06, 1.7690160234256545e-06, 1.685602193527768e-06, 1.6063981383514264e-06, 1.5311775347724687e-06, 1.4597269671662417e-06, 1.391845149361012e-06, 1.3273421960003792e-06, 1.2660389400184463e-06, 1.2077662931623679e-06, 1.1523646467101866e-06, 1.0996833097298889e-06, 1.0495799824093195e-06, 1.0019202621567266e-06, 9.565771803300018e-07, 9.134307675990569e-07, 8.723676460824734e-07, 8.332806465254067e-07]"
regular,no_priority,ALL,ALL,210784,parametric,,,nbinom,"{""n"": 4.022506028816113, ""p"": 0.11800872181613205}",0.000546886830100508,0.013712601191334646,,0.0037270256622611428,,
regular,pregnant,ALL,ALL,5151,kde,exponential,0.08,,,0.010951051066276004,0.05307276823896401,,-0.0013309100660035909,"[0, 1, 2, 3, 4, 5, 6, 7, 8, 9, 10, 11, 12, 13, 14, 15, 16, 17, 18, 19, 20, 21, 22, 23, 24, 25, 26, 27, 28, 29, 30, 31, 32, 33, 34, 35, 36, 37, 38, 39, 40, 41, 42, 43, 44, 45, 46, 47, 48, 49, 50, 51, 52, 53, 54, 55, 56, 57, 58, 59, 60, 61, 62, 63, 64, 65, 66, 67, 68, 69, 70, 71, 72, 73, 74, 75, 76, 77, 78, 79, 80, 81, 82, 83, 84, 85, 86, 87, 88, 89, 90, 91, 92, 93, 94, 95, 96, 97, 98, 99, 100, 101, 102, 103, 104, 105, 106, 107, 108, 109, 110, 111, 112, 113, 114, 115, 116, 117, 118, 119, 120, 121, 122, 123, 124, 125, 126, 127, 128, 129, 130, 131, 132, 133, 134, 135, 136, 137, 138, 139, 140, 141, 142, 143, 144, 145]","[8.120582663550938e-07, 0.0023519719704928627, 0.0013408815546200703, 0.004435908708326335, 0.008129007468888925, 0.008124643351944787, 0.008339779222387022, 0.010948346648449441, 0.012369329154416613, 0.015272240253036579, 0.01762252915806843, 0.01900056948289427, 0.020182782568682174, 0.020675063953790988, 0.023043031501272786, 0.024918214193778054, 0.025075624367128846, 0.025353442808937116, 0.026345593954774846, 0.027832794436460875, 0.028826966679674184, 0.028225986648724232, 0.027345329796742097, 0.027104012598135118, 0.02643050571796716, 0.02539831868943009, 0.025088429868672255, 0.024492667129534722, 0.0244309201095598, 0.02450281446163122, 0.023780475937837674, 0.022845312877826554, 0.021681543660362696, 0.020876882323018677, 0.02020580131989426, 0.019640913617431907, 0.018751824726545338, 0.01777862537997353, 0.01683161054641314, 0.01619274466439922, 0.015498167299588387, 0.014727944329714445, 0.013664288492932032, 0.01281300984730312, 0.011952835591501176, 0.011078645297034553, 0.010388201912663998, 0.009569910569832725, 0.008969824017315683, 0.008493591418624926, 0.008146922596828313, 0.007710336825248474, 0.007242571919369562, 0.006732010962810651, 0.006294304792577021, 0.005863592436685466, 0.0054646444431830825, 0.005120699776269422, 0.004786343389837933, 0.004438252230576972, 0.00418286128656376, 0.0039639544776217455, 0.0038001000679496787, 0.0036084792186182432, 0.003377220800990668, 0.0031351685557925377, 0.0029210503928306293, 0.0027193134917606948, 0.0025038978155828566, 0.002311322115230398, 0.0021282549763701943, 0.0019486203664766215, 0.0017892211590312009, 0.0016442349626033365, 0.0015297868918619838, 0.0014357269234108667, 0.001343350216303935, 0.0012550790901504527, 0.0011684864831818674, 0.0010767761401117603, 0.0009961282027364034, 0.0009196418903267213, 0.0008410791288319488, 0.0007630397393800749, 0.0006879231498137854, 0.0006259771640876675, 0.0005712973771500859, 0.0005262028156451631, 0.0004855619925613044, 0.0004447183956143952, 0.00040648929574265465, 0.00037004162858482416, 0.00034145406100155015, 0.00031314200882259655, 0.0002846104536352197, 0.00026179398983979245, 0.000240896137965837, 0.00021841762744994288, 0.0001970932021208428, 0.0001765389979852459, 0.00015929694198061928, 0.00014495214629256994, 0.00013315800647884364, 0.00012362587692332845, 0.00011077357637200021, 9.982349933643667e-05, 9.054100151451841e-05, 8.272762840184163e-05, 7.621582246505503e-05, 7.086448518263515e-05, 6.655525288104402e-05, 6.084279053035915e-05, 5.602532268035622e-05, 4.974252885404217e-05, 4.421020297401175e-05, 3.9333310367846e-05, 3.502952271550386e-05, 3.1227430822438465e-05, 2.7865021005699142e-05, 2.4888374435608898e-05, 2.225055531568121e-05, 1.991065922882103e-05, 1.7832997518840456e-05, 1.5986397368830812e-05, 1.4343600410142285e-05, 1.2880745352953782e-05, 1.1576922358535519e-05, 1.0413788745919713e-05, 9.375237201056171e-06, 8.447108983637237e-06, 7.61694574627327e-06, 6.8737745263335026e-06, 6.207921270583446e-06, 5.610848930116522e-06, 5.075016737470494e-06, 4.5937577655077505e-06, 4.16117228221704e-06, 3.7720347684626447e-06, 3.421712766400458e-06, 3.1060959828243547e-06, 2.82153429083645e-06, 2.5647834606194425e-06, 2.3329576105145375e-06, 2.123487507099316e-06, 1.934083960932402e-06, 1.7627056659591367e-06]"
regular,reduced_mobility,ALL,ALL,2073,kde,exponential,0.08,,,0.015567072098893964,0.06181156093189887,,-0.007884940283506312,"[0, 1, 2, 3, 4, 5, 6, 7, 8, 9, 10, 11, 12, 13, 14, 15, 16, 17, 18, 19, 20, 21, 22, 23, 24, 25, 26, 27, 28, 29, 30, 31, 32, 33, 34, 35, 36, 37, 38, 39, 40, 41, 42, 43, 44, 45, 46, 47, 48, 49, 50, 51, 52, 53, 54, 55, 56, 57, 58, 59, 60, 61, 62, 63, 64, 65, 66, 67, 68, 69, 70, 71, 72, 73, 74, 75, 76, 77, 78, 79, 80, 81, 82, 83, 84, 85, 86, 87, 88, 89, 90, 91, 92, 93, 94, 95, 96, 97, 98, 99, 100, 101, 102, 103, 104, 105, 106, 107, 108, 109, 110, 111, 112, 113, 114, 115, 116, 117, 118, 119, 120, 121, 122, 123, 124, 125, 126, 127, 128, 129, 130, 131, 132, 133, 134, 135, 136, 137, 138, 139, 140, 141, 142, 143, 144, 145, 146, 147, 148, 149, 150, 151]","[1.0146962508829956e-06, 0.002938874264961247, 0.005015957265838626, 0.005141550599875442, 0.009390073652356681, 0.00480383997782047, 0.010022760574202661, 0.013319919787682532, 0.016605205957016488, 0.01665636971640245, 0.020417313714308594, 0.02233491047471653, 0.023816904936415282, 0.025648124504225305, 0.026236409497692303, 0.026161207924528338, 0.025674586319543356, 0.02496892456717123, 0.025834751559987382, 0.027872230946767627, 0.02764871352420942, 0.028214403063064233, 0.028561617786131636, 0.028445803009318652, 0.028066904584159547, 0.027624944817956312, 0.027254900167025014, 0.02726604819495468, 0.026066580956089668, 0.024072796661468717, 0.023055880790931384, 0.021829424362902607, 0.020873152521323816, 0.020215687877871515, 0.019182228584255726, 0.0181057792015224, 0.017089202330790296, 0.01632626240776079, 0.01565870490201332, 0.014964118593107156, 0.01427066701480868, 0.013222974031251451, 0.012215721946279953, 0.011432135513000876, 0.010861172446912572, 0.010368516024417658, 0.009811194369643077, 0.009351071294001222, 0.008825835835698197, 0.008121016482112213, 0.00746746855042167, 0.00695938939442704, 0.006424230443095942, 0.00601297373096181, 0.005523256109261697, 0.005055250925333906, 0.004630166127100185, 0.004268593751362355, 0.003970337013978026, 0.0036358397389247587, 0.003352856125651446, 0.003105957549854913, 0.0029012309613327867, 0.0027277359216833, 0.0025247325973011183, 0.002320920832705577, 0.002142026419718744, 0.0019961329055141067, 0.0018454069766249469, 0.0017302859069755173, 0.0016302631946245926, 0.0015272248434890711, 0.0014184075288469886, 0.0013278589108141744, 0.0012519026133803043, 0.0011496008909313714, 0.001044654903438516, 0.0009345855284715964, 0.0008521271629042461, 0.0007593529126878914, 0.000676987228204293, 0.0006133819039926267, 0.0005554031278263169, 0.000491113503953173, 0.00042961803734712506, 0.00037934732790092997, 0.00033864357976662676, 0.0002967416150798209, 0.00026210587643566737, 0.00023368068271435047, 0.0002106015817980723, 0.0001921625951848575, 0.00017778966014711945, 0.00016701907456043253, 0.00015140394720487398, 0.00013884268896942345, 0.00012897465454492403, 0.00012150616496256624, 0.00011620030479747306, 0.00011286856484534463, 0.00010422364799588325, 9.739704982535852e-05, 9.22026637335339e-05, 8.848910121702413e-05, 8.613483169016858e-05, 7.85646153938396e-05, 7.227755621931162e-05, 6.713218127240997e-05, 6.301021977170367e-05, 5.9813358445454496e-05, 5.746052535554078e-05, 5.588561621189944e-05, 5.503559204320499e-05, 5.4868889251992094e-05, 5.5354093094140014e-05, 5.646883387945406e-05, 5.8198872010919955e-05, 5.531355097590919e-05, 5.311029165451215e-05, 5.153746782971616e-05, 5.05527784290898e-05, 4.5236585338719116e-05, 4.051618305728791e-05, 3.6320747621806e-05, 3.2588348610710646e-05, 2.9264773691759984e-05, 2.6302516165489335e-05, 2.3659901859114944e-05, 2.1300335304941188e-05, 1.9191648152495216e-05, 1.7305535307084115e-05, 1.5617066435926787e-05, 1.4104262300180222e-05, 1.2747726910140262e-05, 1.1530327805906886e-05, 1.0436917873818685e-05, 9.45409305087934e-06, 8.569981071102877e-06, 7.77405709087737e-06, 7.0569826133077955e-06, 6.4104646293572025e-06, 5.827132319340762e-06, 5.300429022806451e-06, 4.82451749721836e-06, 4.3941967538834035e-06, 4.0048289897794314e-06, 3.652275331898965e-06, 3.3328392811120177e-06, 3.043216889372995e-06, 2.780452830733339e-06, 2.541901635962496e-06, 2.325193455083132e-06]"
regular,senior,ALL,ALL,10930,parametric,,,nbinom,"{""n"": 3.9958816467815734, ""p"": 0.12967094052781425}",0.005782490638221173,0.039747636617675206,,0.0026282745395931114,,
self_checkout_fan,no_priority,card,ALL,119260,parametric,,,nbinom,"{""n"": 3.520823953345621, ""p"": 0.26020130057271196}",0.01046482230154777,0.06915402223634788,,0.1020728488579562,,
self_checkout_fan,no_priority,cash,ALL,2455,parametric,,,nbinom,"{""n"": 3.4718497034367086, ""p"": 0.2544645923480905}",0.020908783287268397,0.08643966295354717,,0.019510658566119603,,
self_checkout_fan,pregnant,card,ALL,3003,parametric,,,nbinom,"{""n"": 3.3895634089829825, ""p"": 0.25528929910993126}",0.018757501890075932,0.08622995680802303,,0.02239086633810239,,
self_checkout_fan,pregnant,cash,ALL,26,kde,tophat,0.9,,,0.12839513704391886,0.17225938981614072,,-0.5730780321302902,"[0, 1, 2, 3, 4, 5, 6, 7, 8, 9, 10, 11, 12, 13, 14, 15, 16, 17, 18, 19, 20, 21, 22, 23, 24, 25, 26, 27, 28, 29, 30, 31, 32, 33, 34, 35, 36, 37, 38, 39, 40, 41, 42, 43, 44, 45, 46, 47, 48, 49]","[0.0, 0.010953526824085246, 0.05841880972845463, 0.08215145118063928, 0.07886539313341372, 0.07667468776859669, 0.0751098982222988, 0.06298277923849013, 0.05598469265643568, 0.05038622339079211, 0.04779720795964469, 0.04381410729634097, 0.03538831743166001, 0.03286058047225572, 0.03213034535065005, 0.03012219876623442, 0.028350304721161804, 0.02190705364817048, 0.020754050824582555, 0.016430290236127854, 0.01564789546297891, 0.014936627487388958, 0.010477286527385884, 0.01004073292207814, 0.007886539313341375, 0.00758321087821286, 0.007302351216056829, 0.007041552958340513, 0.006798740787363255, 0.005841880972845464, 0.0056534331995278676, 0.004107572559031968, 0.003983100663303726, 0.0038659506437947926, 0.0031295790925957847, 0.0030426463400236793, 0.0029604126551581746, 0.002882507058969802, 0.0028085966215603197, 0.0021907053648170497, 0.00213727352665078, 0.0010431930308652615, 0.0010189327278218837, 0.0009957751658259315, 0.0009736468288075776, 0.0009524805933987172, 0.0009322150488583189, 0.000912793902007104, 0.0008941654550273672, 0.0008762821459268198]"
self_checkout_fan,reduced_mobility,card,ALL,1155,parametric,,,nbinom,"{""n"": 3.5864339993877428, ""p"": 0.26581808457446837}",0.02826601949967474,0.09996344250649886,,0.09210620486280154,,
self_checkout_fan,reduced_mobility,cash,ALL,83,kde,exponential,0.08,,,0.13319445359203608,0.18017348858903384,,-0.13571494361688347,"[0, 1, 2, 3, 4, 5, 6, 7, 8, 9, 10, 11, 12, 13, 14, 15, 16, 17, 18, 19, 20, 21, 22, 23, 24, 25, 26, 27, 28, 29, 30, 31, 32, 33, 34, 35, 36, 37, 38, 39, 40, 41, 42, 43, 44, 45]","[5.7816126100201634e-05, 0.16745338809298696, 0.05758810961626518, 0.03530764098488666, 0.08380213606951396, 0.04325496263506402, 0.10877725158705072, 0.06378856878945013, 0.05988228529785541, 0.05305914693990346, 0.03698817400489848, 0.03416495301904289, 0.0370890528375003, 0.03807430113802344, 0.03877417254358734, 0.027447770880612184, 0.028621082420099076, 0.015467579690529804, 0.011515637999187225, 0.009086281918959866, 0.006948733445215695, 0.0043396832845523465, 0.003408937501774314, 0.003555508298633424, 0.00460472898901178, 0.004448292066362342, 0.005292076012052401, 0.003391123060163738, 0.002334411025474903, 0.0017991358360742377, 0.0016152269635873956, 0.0017005666676324408, 0.0020273036928189847, 0.0013548512605777094, 0.0009160905456101612, 0.0006262867727629181, 0.0004326470281657354, 0.0003018411490627289, 0.0002125615973122653, 0.00015102439926186658, 0.00010821187797094203, 7.816126497163553e-05, 5.688959597944762e-05, 4.171054526629759e-05, 3.079555701813164e-05, 2.2888971169081137e-05]"
self_checkout_fan,senior,card,ALL,5576,parametric,,,nbinom,"{""n"": 3.4896254459841063, ""p"": 0.2802590996737837}",0.018724280572330474,0.08827099791339463,,0.026447420239242295,,
self_checkout_fan,senior,cash,ALL,450,kde,exponential,0.08,,,0.05585912005601098,0.11989915741965382,,-0.006007680320239531,"[0, 1, 2, 3, 4, 5, 6, 7, 8, 9, 10, 11, 12, 13, 14, 15, 16, 17, 18, 19, 20, 21, 22, 23, 24, 25, 26, 27, 28, 29, 30, 31, 32, 33, 34, 35, 36, 37, 38, 39, 40, 41, 42, 43, 44, 45, 46, 47, 48, 49, 50, 51]","[2.9261530999248776e-05, 0.0847504465816328, 0.08374976678283538, 0.08184402457895014, 0.09107409779148114, 0.06909914245959511, 0.0835300999110282, 0.0677779453128086, 0.06526318408421321, 0.06141670175364031, 0.05085487040299975, 0.050525563512532894, 0.03595981815416628, 0.022709431557239382, 0.01985496983448976, 0.02121823301244317, 0.02126007861204897, 0.0186165937593766, 0.014462727987183349, 0.010411435858410284, 0.00822255811453636, 0.006175578798441408, 0.004696652645642294, 0.004726773757881643, 0.004187682981260539, 0.003475443009547155, 0.0028495028695812324, 0.00216980312156867, 0.0016468405030010094, 0.0014694339555146722, 0.0012684561855794442, 0.0010170171929870166, 0.0006867091199396982, 0.00048021810700299785, 0.00035382827090403915, 0.00028138427067014686, 0.0002474675015610042, 0.0002434325925397901, 0.00026509651793586156, 0.00031140219632664294, 0.00022312564481950274, 0.00016116329347308131, 0.00011730253669420481, 8.600435074987698e-05, 6.349837602016004e-05, 4.719552554783094e-05, 3.530290728511025e-05, 2.656897803003127e-05, 2.0113352912243945e-05, 1.53121613126878e-05, 1.1720177173258404e-05, 9.017505485711162e-06]"
weekly_planner,no_priority,ALL,ALL,204081,parametric,,,nbinom,"{""n"": 4.984332106392467, ""p"": 0.07675726354923539}",0.0007000461169338303,0.013764703073232607,,0.001030610500501254,,
weekly_planner,pregnant,ALL,ALL,5067,kde,exponential,0.08,,,0.012807265039616027,0.056611577322479886,,-0.004870388675341949,"[0, 1, 2, 3, 4, 5, 6, 7, 8, 9, 10, 11, 12, 13, 14, 15, 16, 17, 18, 19, 20, 21, 22, 23, 24, 25, 26, 27, 28, 29, 30, 31, 32, 33, 34, 35, 36, 37, 38, 39, 40, 41, 42, 43, 44, 45, 46, 47, 48, 49, 50, 51, 52, 53, 54, 55, 56, 57, 58, 59, 60, 61, 62, 63, 64, 65, 66, 67, 68, 69, 70, 71, 72, 73, 74, 75, 76, 77, 78, 79, 80, 81, 82, 83, 84, 85, 86, 87, 88, 89, 90, 91, 92, 93, 94, 95, 96, 97, 98, 99, 100, 101, 102, 103, 104, 105, 106, 107, 108, 109, 110, 111, 112, 113, 114, 115, 116, 117, 118, 119, 120, 121, 122, 123, 124, 125, 126, 127, 128, 129, 130, 131, 132, 133, 134, 135, 136, 137, 138, 139, 140, 141, 142, 143, 144, 145, 146, 147, 148, 149, 150, 151, 152, 153, 154, 155, 156, 157, 158, 159, 160, 161, 162, 163, 164, 165, 166, 167, 168, 169, 170, 171, 172, 173, 174, 175, 176, 177, 178, 179, 180, 181, 182, 183, 184, 185, 186, 187, 188, 189, 190, 191, 192, 193, 194, 195, 196, 197, 198, 199, 200, 201, 202, 203, 204, 205, 206, 207, 208, 209, 210, 211, 212, 213, 214, 215, 216, 217, 218, 219, 220, 221, 222, 223, 224, 225, 226, 227, 228, 229, 230, 231, 232, 233, 234, 235, 236, 237, 238, 239, 240, 241, 242, 243, 244, 245, 246, 247, 248, 249, 250, 251, 252, 253, 254, 255, 256, 257, 258, 259, 260, 261, 262, 263, 264, 265, 266, 267, 268, 269, 270, 271, 272, 273, 274, 275, 276, 277, 278, 279, 280, 281, 282, 283, 284, 285, 286, 287, 288, 289, 290, 291, 292, 293, 294, 295]","[3.656793535021961e-11, 1.0591205400639651e-07, 1.1220052001676236e-05, 0.00030675407502268664, 2.433130929944336e-05, 7.683874898195599e-05, 0.0004449452525329493, 0.0004989940987869026, 0.0011600303676333427, 0.001218072473764397, 0.0014197137781928957, 0.001706151207355346, 0.0021333311963180465, 0.0022898846942666115, 0.0028752112371165203, 0.0033196266990329643, 0.003807632799940501, 0.0045815261086667326, 0.0049824609104767775, 0.005776183421903539, 0.006408660455033069, 0.006925646078245347, 0.00720160223341344, 0.00799231462482357, 0.008356521515878098, 0.008800202452881465, 0.009452045450954667, 0.009791714143872903, 0.010244000685471075, 0.010799914418427266, 0.011468759160223658, 0.011838219254064279, 0.012270754790507035, 0.012816870174972173, 0.013298051728997173, 0.013684285774665338, 0.013963747066025408, 0.01402807672163231, 0.01399476803492449, 0.01418839167018575, 0.014394073055616755, 0.014557678262356478, 0.014919071026447413, 0.015242218335650742, 0.01532412296237741, 0.015404313226551444, 0.015488886333924838, 0.0155697606405478, 0.01548348453907473, 0.015478913412671505, 0.015476030117103863, 0.01542852610387893, 0.0152714938450499, 0.01502817377649263, 0.014858840985754193, 0.01466931125599039, 0.014452449176996573, 0.014228492523810593, 0.01412223012757855, 0.014067678898709563, 0.013966589601868083, 0.013818691502451616, 0.013520264350740123, 0.013261268975234695, 0.013021975471381616, 0.012756887832864492, 0.01254178237580327, 0.012318964172876277, 0.012094846596894058, 0.01183722214630113, 0.011589769949072442, 0.011362406527006746, 0.011054256191965702, 0.010667754016942163, 0.010274580006491734, 0.009864731533654848, 0.009491305925078106, 0.009193427948612321, 0.008894619660772277, 0.008582951448762173, 0.008313191286010671, 0.008044477926252052, 0.007802178043316533, 0.00754005591865286, 0.007283644222754092, 0.007052364435212851, 0.006836023261473582, 0.006577654592675145, 0.006321383615028801, 0.006115613157323201, 0.005882954850697958, 0.005697232364576571, 0.005513402262746125, 0.00532817896804252, 0.0051453304793377015, 0.0049550007570024176, 0.004790540285113295, 0.004603053710149106, 0.004403353140736488, 0.004216741930008045, 0.004039776456298564, 0.0038664200291161606, 0.0037056213612340913, 0.0035630560338468565, 0.0034191081791304927, 0.0032746247334549663, 0.0031411581311421104, 0.003013808978000821, 0.002882877899233988, 0.0027672413811549116, 0.0026522770154056917, 0.0025390084701158388, 0.002438065821905275, 0.0023406138037966274, 0.002247703211444548, 0.002155794646336951, 0.002063818461928049, 0.0019884587530725867, 0.00191951095944966, 0.0018452870105657383, 0.0017715362727871405, 0.0016933450306887545, 0.0016182407600127187, 0.0015413490431293343, 0.0014659279523214655, 0.0013892543844541447, 0.001320190654845265, 0.001254040295671409, 0.0011900832412912266, 0.0011312984157940502, 0.0010715870959479297, 0.00101928902891335, 0.0009719360138098899, 0.000928941501336161, 0.0008880964976066494, 0.0008473217621341513, 0.0008079214642196377, 0.0007695298351290836, 0.0007349907894881996, 0.0007038982035761516, 0.0006774384366400395, 0.0006506734468800398, 0.0006204062112043487, 0.0005909832521650154, 0.0005650866790095811, 0.0005395258697909259, 0.0005126858606969276, 0.00048582595904836346, 0.00046153149329573434, 0.0004395524324822383, 0.0004183170010956163, 0.00039766042362575403, 0.00037742904876978545, 0.00035877487512194465, 0.00034152866811825605, 0.000323011326467425, 0.00030688899513063686, 0.00029175650880975486, 0.00027749145744055445, 0.0002639817467051639, 0.00025112441953155617, 0.0002388246022812932, 0.00022699456107227512, 0.0002155528554280378, 0.00020555220069924394, 0.0001957789485038006, 0.00018727448070209791, 0.00017995520570596906, 0.00017374709670445472, 0.00016752177574078493, 0.0001622978540756014, 0.00015698098208634812, 0.00015257312056905754, 0.00014902604596692245, 0.00014529455993478015, 0.00014037382936730094, 0.0001362341940497787, 0.0001328338694253865, 0.0001301361005695185, 0.00012716078386844186, 0.00012390168068177548, 0.0001194243198034534, 0.00011374140894609454, 0.00010867414671653822, 0.00010328605063156596, 9.84495928189387e-05, 9.237260788676526e-05, 8.679936967024928e-05, 8.16927902774798e-05, 7.70190471676225e-05, 7.274730042138529e-05, 6.884943665515842e-05, 6.529983698240562e-05, 6.207516669177162e-05, 5.9154184548628396e-05, 5.651756983964708e-05, 5.414776546922903e-05, 5.12456981609051e-05, 4.858876413433419e-05, 4.616072170805914e-05, 4.394672740973984e-05, 4.118085146945866e-05, 3.8611343692865814e-05, 3.622398645696562e-05, 3.4005684225329285e-05, 3.194437158571351e-05, 3.0028929281017365e-05, 2.8249107507057344e-05, 2.6595455819776254e-05, 2.5059259056769592e-05, 2.3632478734338552e-05, 2.230769943153616e-05, 2.1078079718809052e-05, 1.9937307229507574e-05, 1.887955751023621e-05, 1.7899456319188977e-05, 1.6992045072318486e-05, 1.6152749164444412e-05, 1.5377348917255103e-05, 1.4661952928788959e-05, 1.4002973619168388e-05, 1.3397104785855337e-05, 1.2841300998466369e-05, 1.2332758678239184e-05, 1.186889872104595e-05, 1.144735053532742e-05, 1.1065937377603798e-05, 1.0722662878544029e-05, 1.0415698661889184e-05, 1.0143372967043637e-05, 9.904160193894938e-06, 9.69667129536864e-06, 9.519644949744621e-06, 9.37193945050967e-06, 9.252525256815448e-06, 9.160478152546303e-06, 9.094972966281036e-06, 9.055277808601234e-06, 9.040748786712268e-06, 9.050825159851336e-06, 8.556770102140537e-06, 8.091564452827223e-06, 7.653414678563739e-06, 7.240645465362501e-06, 6.851691487016755e-06, 6.485089777022848e-06, 6.139472657553581e-06, 5.81356118277368e-06, 5.506159057216027e-06, 5.216146993080717e-06, 4.942477473197309e-06, 4.68416988902864e-06, 4.440306025516666e-06, 4.21002586679031e-06, 3.992523698794135e-06, 3.787044486766158e-06, 3.5928805072129187e-06, 3.4093682156070083e-06, 3.2358853324830357e-06, 3.0718481319423917e-06, 2.916708917801914e-06, 2.7699536737504713e-06, 2.63109987491454e-06, 2.499694449191205e-06, 2.3753118775831006e-06, 2.257552423583899e-06, 2.1460404824067554e-06, 2.040423041537251e-06, 1.9403682447263825e-06, 1.8455640521241147e-06, 1.7557169897934154e-06, 1.6705509823427277e-06, 1.589806262874509e-06, 1.5132383548714563e-06, 1.4406171210342235e-06, 1.3717258744464295e-06, 1.3063605477771356e-06, 1.2443289165407411e-06, 1.185449872719416e-06, 1.1295527453186095e-06, 1.076476664670195e-06, 1.0260699675245823e-06, 9.78189640182772e-07, 9.327007971131973e-07, 8.894761926784034e-07, 8.483957637627143e-07, 8.093462012467173e-07, 7.722205484174105e-07, 7.369178245353227e-07, 7.033426719033125e-07, 6.714050248955314e-07, 6.410197995112471e-07, 6.121066021162617e-07, 5.845894561262366e-07, 5.583965454704665e-07, 5.334599737549928e-07]"
weekly_planner,reduced_mobility,ALL,ALL,2055,kde,exponential,0.08,,,0.0258692440029333,0.080097422759018,,-0.014317799449313641,"[0, 1, 2, 3, 4, 5, 6, 7, 8, 9, 10, 11, 12, 13, 14, 15, 16, 17, 18, 19, 20, 21, 22, 23, 24, 25, 26, 27, 28, 29, 30, 31, 32, 33, 34, 35, 36, 37, 38, 39, 40, 41, 42, 43, 44, 45, 46, 47, 48, 49, 50, 51, 52, 53, 54, 55, 56, 57, 58, 59, 60, 61, 62, 63, 64, 65, 66, 67, 68, 69, 70, 71, 72, 73, 74, 75, 76, 77, 78, 79, 80, 81, 82, 83, 84, 85, 86, 87, 88, 89, 90, 91, 92, 93, 94, 95, 96, 97, 98, 99, 100, 101, 102, 103, 104, 105, 106, 107, 108, 109, 110, 111, 112, 113, 114, 115, 116, 117, 118, 119, 120, 121, 122, 123, 124, 125, 126, 127, 128, 129, 130, 131, 132, 133, 134, 135, 136, 137, 138, 139, 140, 141, 142, 143, 144, 145, 146, 147, 148, 149, 150, 151, 152, 153, 154, 155, 156, 157, 158, 159, 160, 161, 162, 163, 164, 165, 166, 167, 168, 169, 170, 171, 172, 173, 174, 175, 176, 177, 178, 179, 180, 181, 182, 183, 184, 185, 186, 187, 188, 189, 190, 191, 192, 193, 194, 195, 196, 197, 198, 199, 200, 201, 202, 203, 204, 205, 206, 207, 208, 209, 210, 211, 212, 213, 214, 215, 216, 217, 218, 219, 220, 221, 222, 223, 224, 225, 226, 227, 228, 229, 230, 231, 232, 233, 234, 235, 236, 237, 238, 239, 240, 241, 242, 243, 244, 245, 246, 247, 248, 249, 250, 251, 252, 253, 254, 255, 256]","[3.0071222379341794e-13, 8.709556331725546e-10, 9.226681124285965e-08, 2.5225569662111676e-06, 3.283266474937587e-05, 0.0002672332304723872, 0.0015731804561412914, 0.0015187168768653078, 0.0009527994493678468, 0.001301899233691416, 0.001859209699843747, 0.002575380922360774, 0.0030479673939679984, 0.0033397675257724893, 0.004141189452870835, 0.005149321632202009, 0.005413833383350125, 0.0055491935364200455, 0.006354954104503206, 0.006136118484106791, 0.0065531735565523925, 0.007774695012468916, 0.008773937617640216, 0.009457241461191725, 0.009936472419620533, 0.010603096510739258, 0.010696036591381023, 0.010946059828915148, 0.01137562422865074, 0.01211997307227126, 0.013006342078333675, 0.013766273316088158, 0.014601410925182821, 0.015141049906957289, 0.015624511699281852, 0.01569739103500597, 0.01570835018812516, 0.015613644582479174, 0.01567318642932495, 0.015971421966829092, 0.016046618502944598, 0.016283361903910068, 0.01613952817971154, 0.016085913141239305, 0.01584195693092115, 0.01592111402504515, 0.015946246557642024, 0.0158245586448838, 0.015434995406261332, 0.015395714024919195, 0.015404567429851966, 0.015343980382465651, 0.01518991548400082, 0.014890266365222386, 0.014620522359726992, 0.014413807078704138, 0.014278544777606877, 0.014179764568157997, 0.0140221093611063, 0.013697424751422061, 0.013288156448539073, 0.012983750252964532, 0.012764223628976222, 0.012558821841807075, 0.012340945915432344, 0.01203371611497659, 0.011718321928797636, 0.011467474940149519, 0.010979849108281165, 0.010537280524879344, 0.01016856800386071, 0.00978414977950673, 0.009545764672751651, 0.009283807560549811, 0.009087564038671161, 0.00888157360919014, 0.008712550246080735, 0.008498760899354307, 0.008237764926458786, 0.007961934155380428, 0.007654127584974253, 0.007343226644991221, 0.007022498842434899, 0.006707128260225189, 0.006369048985319671, 0.006074570097417533, 0.005764995340521155, 0.005503799296963811, 0.005283235081014201, 0.0050875059902064194, 0.004902457825466595, 0.0047241664263505175, 0.004566690425994278, 0.004443404628761397, 0.004316753875169419, 0.004217785617001239, 0.004135400420379302, 0.003996260731120738, 0.0038862834920043846, 0.0037491759621867352, 0.0036139902932741637, 0.0034932406429538836, 0.0033630197659536712, 0.0032149176540294078, 0.0030821493878684155, 0.002968943962746046, 0.002859622683612307, 0.002759079115923034, 0.002652844678521954, 0.002539832619978476, 0.0024127844998461673, 0.0022889162930766213, 0.002166603889718495, 0.0020443394114638418, 0.001943647094041048, 0.001862458809431114, 0.0017879595355238002, 0.0017081570311245982, 0.0016277651513911284, 0.0015459542819477787, 0.00146710632530555, 0.0013851968072563843, 0.0013145534741708985, 0.0012490924307327557, 0.001187967017606003, 0.0011304174980810038, 0.0010804573297438114, 0.0010280745321634937, 0.0009728810301169924, 0.0009144848135245976, 0.0008613178460631111, 0.0008127167370720993, 0.0007680908244036945, 0.0007269127246783085, 0.0006845532913858656, 0.0006448012417706856, 0.0006112741425101369, 0.0005715462952827463, 0.0005372858321753168, 0.000508031468026054, 0.00047957232587223945, 0.0004554207016595733, 0.0004352463590172366, 0.0004151113647720708, 0.0003948679999446048, 0.0003779271005840967, 0.0003640571822254035, 0.0003530583324439637, 0.00034134877687620665, 0.0003322373796740209, 0.00031893696165683047, 0.00030804981781252887, 0.0002994264658999191, 0.00029293826556183876, 0.0002821741157408474, 0.0002734233305162584, 0.0002634972017753809, 0.00025540382503198237, 0.0002460432350301172, 0.00023539895395627164, 0.00022636752798296377, 0.00021596326526548333, 0.00020701647259509503, 0.00019943213579486668, 0.00019312663209384646, 0.00018802669255542085, 0.00018406848075421198, 0.0001785159463152345, 0.00017138631857307638, 0.00016530603233752553, 0.00015762543289600268, 0.0001509084490357163, 0.00014509309365715265, 0.00013762553655938882, 0.00013098567833663217, 0.00012511738435883965, 0.00011997036046790542, 0.00011311220823831004, 0.00010691856779686556, 0.00010134187698204162, 9.633918040797354e-05, 9.187172161516523e-05, 8.790457591957777e-05, 8.440631982228002e-05, 7.91389281601374e-05, 7.431253816443977e-05, 6.989433854243816e-05, 6.585443622142425e-05, 6.216560108013984e-05, 5.8803034980672567e-05, 5.5744162708767514e-05, 5.2968442677842765e-05, 5.045719547277877e-05, 4.8193448506689515e-05, 4.61617952400215e-05, 4.4348267568488385e-05, 4.27402201273999e-05, 4.132622538553582e-05, 4.009597851478498e-05, 3.904021112258078e-05, 3.8150613024851204e-05, 3.74197613183216e-05, 3.50064433487908e-05, 3.2759498166768514e-05, 3.066672341662178e-05, 2.8716864936538422e-05, 2.6899538980976452e-05, 2.520516115592566e-05, 2.362488145914256e-05, 2.2150524875116463e-05, 2.077453702641677e-05, 1.9489934429866233e-05, 1.8290258948172786e-05, 1.716953606574853e-05, 1.6122236651817008e-05, 1.5143241904981763e-05, 1.4227811201488004e-05, 1.3371552594795744e-05, 1.2570395737041057e-05, 1.182056701373849e-05, 1.1118566701890874e-05, 1.0461147978715748e-05, 9.845297623643544e-06, 9.268218270240645e-06, 8.727312077417554e-06, 8.22016570080642e-06, 7.744536455655504e-06, 7.298339572093952e-06, 6.879636452257817e-06, 6.4866238466144176e-06, 6.117623873966272e-06, 5.771074816108313e-06, 5.4455226240257995e-06, 5.1396130779014605e-06, 4.85208454810688e-06, 4.581761308818245e-06, 4.327547359974412e-06, 4.088420717005712e-06, 3.863428131156972e-06, 3.6516802063178107e-06, 3.452346881100493e-06, 3.264653247485776e-06, 3.087875679714608e-06, 2.9213382492590257e-06, 2.764409403677712e-06, 2.61649888896294e-06, 2.4770548966373413e-06, 2.3455614183692027e-06, 2.2215357922573986e-06, 2.1045264262059957e-06, 1.9941106849690827e-06, 1.8898929285113947e-06, 1.791502690307129e-06, 1.6985929850949579e-06, 1.6108387364297536e-06, 1.5279353151261168e-06, 1.4495971803823858e-06]"
weekly_planner,senior,ALL,ALL,10562,kde,exponential,0.08,,,0.007702516060414467,0.04408198737097228,,-0.00267249942386943,"[0, 1, 2, 3, 4, 5, 6, 7, 8, 9, 10, 11, 12, 13, 14, 15, 16, 17, 18, 19, 20, 21, 22, 23, 24, 25, 26, 27, 28, 29, 30, 31, 32, 33, 34, 35, 36, 37, 38, 39, 40, 41, 42, 43, 44, 45, 46, 47, 48, 49, 50, 51, 52, 53, 54, 55, 56, 57, 58, 59, 60, 61, 62, 63, 64, 65, 66, 67, 68, 69, 70, 71, 72, 73, 74, 75, 76, 77, 78, 79, 80, 81, 82, 83, 84, 85, 86, 87, 88, 89, 90, 91, 92, 93, 94, 95, 96, 97, 98, 99, 100, 101, 102, 103, 104, 105, 106, 107, 108, 109, 110, 111, 112, 113, 114, 115, 116, 117, 118, 119, 120, 121, 122, 123, 124, 125, 126, 127, 128, 129, 130, 131, 132, 133, 134, 135, 136, 137, 138, 139, 140, 141, 142, 143, 144, 145, 146, 147, 148, 149, 150, 151, 152, 153, 154, 155, 156, 157, 158, 159, 160, 161, 162, 163, 164, 165, 166, 167, 168, 169, 170, 171, 172, 173, 174, 175, 176, 177, 178, 179, 180, 181, 182, 183, 184, 185, 186, 187, 188, 189, 190, 191, 192, 193, 194, 195, 196, 197, 198, 199, 200, 201, 202, 203, 204, 205, 206, 207, 208, 209, 210, 211, 212, 213, 214, 215, 216, 217, 218, 219, 220, 221, 222, 223, 224, 225, 226, 227, 228, 229, 230, 231, 232, 233, 234, 235, 236, 237, 238, 239, 240, 241, 242, 243, 244, 245, 246, 247, 248, 249, 250, 251, 252, 253, 254, 255, 256, 257, 258, 259, 260, 261, 262, 263, 264, 265, 266, 267, 268, 269, 270, 271, 272, 273, 274, 275, 276, 277, 278, 279, 280, 281, 282, 283, 284, 285]","[3.785188589519124e-11, 1.0963077200796471e-07, 1.1614003471591212e-05, 0.0003175246328365698, 0.00033312296596990393, 0.0007072372725722118, 0.0006640779053673375, 0.0012444681278635746, 0.0013464116617461117, 0.0018903139380878247, 0.002078950154881773, 0.0027222885746442833, 0.0027314729422214393, 0.003532425488982251, 0.003948961283432857, 0.0047177132217143675, 0.005898162075292396, 0.00616078713074138, 0.006776014176803736, 0.007471378751461364, 0.008344582295513811, 0.009323628951593528, 0.01018056132771243, 0.010937818325859616, 0.011837314462645012, 0.012284948300974145, 0.012804418173487854, 0.013333298315161408, 0.01397186275559194, 0.014355502409167784, 0.01484471545643218, 0.015171751176232366, 0.015521639584527782, 0.015874072206195227, 0.01612613190384555, 0.016334824326609376, 0.016608194489975657, 0.016832084488695033, 0.016996766677203918, 0.016965992397866395, 0.016949386991246852, 0.017115095668334458, 0.01706617510403717, 0.016924158772648575, 0.01688156916531885, 0.01672648784576062, 0.016629834704864524, 0.01646888403536297, 0.016296119758820643, 0.01619799361776134, 0.016017970007034324, 0.015775837150748165, 0.015549298404909163, 0.015345559365671476, 0.015098072545072352, 0.01485094653963881, 0.014532901643756221, 0.014206357976218088, 0.01392182295235705, 0.01366373679135558, 0.013271396735223923, 0.012898496629191772, 0.01253284933220659, 0.012167462901964257, 0.01181718950822923, 0.01149584580915418, 0.011167165666242177, 0.010801521956493743, 0.010417841994359831, 0.010005390208031418, 0.009656609999298205, 0.009328198785516184, 0.009000978618587936, 0.008698189735512753, 0.008396793230710659, 0.008119480717767477, 0.00780006818237118, 0.007540290906188262, 0.007282576910991187, 0.007043759554391584, 0.006810336657950165, 0.006585466747354241, 0.006385117195531655, 0.006172039829789178, 0.005952695183842733, 0.005726899971596941, 0.005504127305919395, 0.005268343440427005, 0.005021311465323456, 0.004784526957567833, 0.0045655444593580225, 0.0043384894715457365, 0.004110021210756135, 0.0038979900445325444, 0.003714307801737847, 0.003544841141011321, 0.003390814017796341, 0.003253602126262786, 0.0031166602907394063, 0.002988213479490855, 0.0028586807074405655, 0.0027389781013218094, 0.0026227311067350007, 0.0025108586740828437, 0.002396246766871843, 0.002287968423342149, 0.0021791274793036062, 0.002083499895415036, 0.001980627472784343, 0.0018768504199715309, 0.001782891355813294, 0.001695993199351872, 0.0016159593666855289, 0.0015347405942077398, 0.0014603679616086403, 0.0013884156470023365, 0.0013147457743160325, 0.0012407386711478605, 0.0011697727414789311, 0.0011050627095606546, 0.0010497025601465713, 0.0009918505213108, 0.0009397892874608213, 0.0008918106551379135, 0.0008472827788060277, 0.0008074969061986282, 0.0007709768456333518, 0.0007381542309180154, 0.0007068144920579037, 0.0006774890877840435, 0.0006421149609080284, 0.0006065269600751814, 0.0005720907899719815, 0.0005409312503273897, 0.0005094339525016, 0.0004805357575871553, 0.00045233780485332914, 0.00042536175118731436, 0.00040239892681223627, 0.0003801228548907451, 0.0003598192138343571, 0.00033907458964521484, 0.00032062903591992807, 0.00030426723441663307, 0.00028769831751234375, 0.0002708105338423434, 0.0002562199723945123, 0.00024240369914858113, 0.00022990374529418574, 0.00021859158564708022, 0.0002070613444550939, 0.00019715485587890576, 0.00018686869217620993, 0.00017676934104870912, 0.00016739907971004817, 0.0001592804917298704, 0.00015172665440458662, 0.00014526296600944066, 0.00013748829438566936, 0.00013012115301786902, 0.0001236731192293769, 0.00011807844227601081, 0.00011217149789811527, 0.00010592820414719294, 9.932366624369674e-05, 9.339974925835263e-05, 8.810373420076498e-05, 8.338836741411674e-05, 7.869634106565159e-05, 7.400217242354104e-05, 6.92814023917049e-05, 6.500757512875152e-05, 6.114602751601039e-05, 5.766549138404654e-05, 5.4537777164946516e-05, 5.126273254703727e-05, 4.782853252176592e-05, 4.468719643121565e-05, 4.181561076928196e-05, 3.91927836623153e-05, 3.679965034352538e-05, 3.461889788759606e-05, 3.26348072279934e-05, 3.08331106924201e-05, 2.920086348119293e-05, 2.772632768120631e-05, 2.6398867557694297e-05, 2.5208854998798903e-05, 2.414758410598859e-05, 2.3207194029154316e-05, 2.1977624667385377e-05, 2.086005824128554e-05, 1.9847025581522518e-05, 1.8541151928597393e-05, 1.7331247682995045e-05, 1.6210067160898532e-05, 1.517095788346323e-05, 1.4207810008740549e-05, 1.3315010328213452e-05, 1.2487400396940429e-05, 1.1720238408903027e-05, 1.1009164467315485e-05, 1.0350168934072905e-05, 9.739563573170215e-06, 9.17395523069033e-06, 8.650221818790556e-06, 8.165490393419032e-06, 7.717117135713094e-06, 7.30266906502018e-06, 6.919907327893736e-06, 6.566771922027611e-06, 6.241367727397991e-06, 5.941951728799561e-06, 5.666921324753901e-06, 5.4148036275408415e-06, 5.184245667788276e-06, 4.974005425181207e-06, 4.782943613862411e-06, 4.610016157717478e-06, 4.454267296569338e-06, 4.314823269644746e-06, 4.1908865275072236e-06, 4.081730428040799e-06, 3.986694375968895e-06, 3.9051793691315005e-06, 3.836643917808393e-06, 3.7806003065359333e-06, 3.7366111704484756e-06, 3.7042863606478827e-06, 3.6832800753051146e-06, 3.6732882353093655e-06, 3.6740460849956874e-06, 3.6853260002736365e-06, 3.706935487905639e-06, 3.7387153611969487e-06, 3.7805380784608807e-06, 3.570779112660916e-06, 3.373469100553176e-06, 3.187821490203976e-06, 3.0131024162641852e-06, 2.848626972106959e-06, 2.6937557596761933e-06, 2.547891695328215e-06, 2.4104770517249767e-06, 2.2809907174658825e-06, 2.1589456576309766e-06, 2.043886559771611e-06, 1.9353876511310927e-06, 1.8330506740131094e-06, 1.736503007280077e-06, 1.6453959228921565e-06, 1.5594029673049866e-06, 1.4782184583336623e-06, 1.4015560888345555e-06, 1.3291476292347223e-06, 1.260741721561213e-06, 1.196102758194788e-06, 1.1350098390977522e-06, 1.0772558017487247e-06, 1.0226463184610613e-06, 9.709990561696853e-07, 9.221428941467187e-07, 8.759171954517424e-07, 8.321711282407947e-07, 7.907630333506118e-07, 7.515598348447926e-07, 7.144364904569495e-07, 6.792754790946526e-07, 6.45966322779589e-07, 6.144051405937765e-07, 5.844942323813532e-07, 5.561416901212625e-07, 5.292610350391657e-07, 5.037708786680322e-07, 4.79594606197561e-07, 4.56660080572867e-07, 4.348993659143956e-07, 4.1424846893404197e-07, 3.946470971174241e-07, 3.760384325305981e-07, 3.5836892019076685e-07, 3.415880700160065e-07, 3.2564827143883817e-07, 3.105046198330087e-07, 2.9611475396284046e-07, 2.8243870371980154e-07]"
